district,district_bbs,fiscal_year,harvest_year,area_acres,prod_tons,local_area,hyv_area,hybrid_area,source,yield_t_per_acre
Bagerhat,Bagerhat,2006-07,2006,12055.0,8669.0,5055,7000,,BBS 45-year statistics,0.7191
Bagerhat,Bagerhat,2007-08,2007,14390.0,9995.0,5700,8690,,BBS 45-year statistics,0.6946
Bagerhat,Bagerhat,2008-09,2008,20650.0,13926.0,5500,15150,,BBS 45-year statistics,0.6744
Bagerhat,Bagerhat,2009-10,2009,16626.0,11051.0,5769,10857,,BBS 45-year statistics,0.6647
Bagerhat,Bagerhat,2010-11,2010,23150.0,17208.0,8984,14166,,BBS 45-year statistics,0.7433
Bagerhat,Bagerhat,2011-12,2011,26060.0,22426.0,7875,18185,,BBS 45-year statistics,0.8606
Bagerhat,Bagerhat,2012-13,2012,13003.0,6040.0,9921,3082,,BBS 45-year statistics,0.4645
Bagerhat,Bagerhat,2013-14,2013,13646.0,7801.0,10484,3162,,BBS 45-year statistics,0.5717
Bagerhat,Bagerhat,2014-15,2014,20258.0,19709.0,2200,18058,,BBS 45-year statistics,0.9729
Bagerhat,Bagerhat,2015-16,2015,16931.0,15186.0,2204.0,14727.0,,BBS district estimates 2015-16 to 2025-26,0.8969
Bagerhat,Bagerhat,2016-17,2016,13526.0,12953.0,2065.0,11461.0,,BBS district estimates 2015-16 to 2025-26,0.9576
Bagerhat,Bagerhat,2017-18,2017,14295.0,14297.0,1495.0,12800.0,,BBS district estimates 2015-16 to 2025-26,1.0001
Bagerhat,Bagerhat,2018-19,2018,11669.0,11650.0,1620.0,10049.0,,BBS district estimates 2015-16 to 2025-26,0.9984
Bagerhat,Bagerhat,2019-20,2019,12748.0,13879.0,841.0,11907.0,,BBS district estimates 2015-16 to 2025-26,1.0887
Bagerhat,Bagerhat,2020-21,2020,14355.0,16061.0,221.0,14134.0,,BBS district estimates 2015-16 to 2025-26,1.1188
Bagerhat,Bagerhat,2021-22,2021,11900.0,11392.0,238.0,11662.0,,BBS district estimates 2015-16 to 2025-26,0.9573
Bagerhat,Bagerhat,2022-23,2022,8818.0,8944.0,240.0,8578.0,,BBS district estimates 2015-16 to 2025-26,1.0143
Bagerhat,Bagerhat,2023-24,2023,8859.0,10408.0,223.0,6664.0,1972.0,BBS district estimates 2015-16 to 2025-26,1.1749
Bagerhat,Bagerhat,2024-25,2024,7832.0,9152.0,37.0,6029.0,1766.0,BBS district estimates 2015-16 to 2025-26,1.1685
Bagerhat,Bagerhat,2025-26,2025,6495.0,6660.0,17.0,4777.0,1701.0,BBS district estimates 2015-16 to 2025-26,1.0254
Bandarban,Bandarban,2006-07,2006,16195.0,10604.0,11915,4280,,BBS 45-year statistics,0.6548
Bandarban,Bandarban,2007-08,2007,18405.0,11513.0,14530,3875,,BBS 45-year statistics,0.6255
Bandarban,Bandarban,2008-09,2008,20800.0,15636.0,14395,6405,,BBS 45-year statistics,0.7517
Bandarban,Bandarban,2009-10,2009,18878.0,10690.0,14470,4408,,BBS 45-year statistics,0.5663
Bandarban,Bandarban,2010-11,2010,19015.0,13955.0,14212,4803,,BBS 45-year statistics,0.7339
Bandarban,Bandarban,2011-12,2011,20160.0,16327.0,15312,4848,,BBS 45-year statistics,0.8099
Bandarban,Bandarban,2012-13,2012,18954.0,15309.0,14077,4877,,BBS 45-year statistics,0.8077
Bandarban,Bandarban,2013-14,2013,19040.0,14954.0,13877,5163,,BBS 45-year statistics,0.7854
Bandarban,Bandarban,2014-15,2014,19013.0,13871.0,13927,5086,,BBS 45-year statistics,0.7296
Bandarban,Bandarban,2015-16,2015,20742.0,16116.0,15305.0,5437.0,,BBS district estimates 2015-16 to 2025-26,0.777
Bandarban,Bandarban,2016-17,2016,21050.0,14766.0,15340.0,5710.0,,BBS district estimates 2015-16 to 2025-26,0.7015
Bandarban,Bandarban,2017-18,2017,29920.0,22366.0,22210.0,7710.0,,BBS district estimates 2015-16 to 2025-26,0.7475
Bandarban,Bandarban,2018-19,2018,31498.0,23672.0,23156.0,8342.0,,BBS district estimates 2015-16 to 2025-26,0.7515
Bandarban,Bandarban,2019-20,2019,30419.0,22540.0,21975.0,8444.0,,BBS district estimates 2015-16 to 2025-26,0.741
Bandarban,Bandarban,2020-21,2020,30323.0,24465.0,21999.0,8324.0,,BBS district estimates 2015-16 to 2025-26,0.8068
Bandarban,Bandarban,2021-22,2021,30461.0,23318.0,21997.0,8464.0,,BBS district estimates 2015-16 to 2025-26,0.7655
Bandarban,Bandarban,2022-23,2022,29969.0,24434.0,21469.0,8500.0,,BBS district estimates 2015-16 to 2025-26,0.8153
Bandarban,Bandarban,2023-24,2023,30231.0,26281.0,20134.0,5992.0,4106.0,BBS district estimates 2015-16 to 2025-26,0.8693
Bandarban,Bandarban,2024-25,2024,29395.0,24765.0,19272.0,5995.0,4128.0,BBS district estimates 2015-16 to 2025-26,0.8425
Bandarban,Bandarban,2025-26,2025,29097.0,28209.0,18848.0,6074.0,4175.0,BBS district estimates 2015-16 to 2025-26,0.9695
Barguna,Barguna,2006-07,2006,89470.0,56092.0,34340,55130,,BBS 45-year statistics,0.6269
Barguna,Barguna,2007-08,2007,89420.0,69622.0,20010,69410,,BBS 45-year statistics,0.7786
Barguna,Barguna,2008-09,2008,113630.0,89335.0,17695,95935,,BBS 45-year statistics,0.7862
Barguna,Barguna,2009-10,2009,108352.0,80873.0,16427,91925,,BBS 45-year statistics,0.7464
Barguna,Barguna,2010-11,2010,116932.0,88051.0,16286,100646,,BBS 45-year statistics,0.753
Barguna,Barguna,2011-12,2011,113190.0,88300.0,12022,101168,,BBS 45-year statistics,0.7801
Barguna,Barguna,2012-13,2012,16536.0,16949.0,2350,14186,,BBS 45-year statistics,1.025
Barguna,Barguna,2013-14,2013,21175.0,28013.0,322,20853,,BBS 45-year statistics,1.3229
Barguna,Barguna,2014-15,2014,97047.0,94652.0,7287,89760,,BBS 45-year statistics,0.9753
Barguna,Barguna,2015-16,2015,104679.0,88875.0,4172.0,100507.0,,BBS district estimates 2015-16 to 2025-26,0.849
Barguna,Barguna,2016-17,2016,100190.0,92403.0,5534.0,94656.0,,BBS district estimates 2015-16 to 2025-26,0.9223
Barguna,Barguna,2017-18,2017,103341.0,108679.0,1730.0,101612.0,,BBS district estimates 2015-16 to 2025-26,1.0517
Barguna,Barguna,2018-19,2018,131780.0,122564.0,2715.0,129065.0,,BBS district estimates 2015-16 to 2025-26,0.9301
Barguna,Barguna,2019-20,2019,94100.0,95152.0,1740.0,92360.0,,BBS district estimates 2015-16 to 2025-26,1.0112
Barguna,Barguna,2020-21,2020,136821.0,140059.0,5200.0,131621.0,,BBS district estimates 2015-16 to 2025-26,1.0237
Barguna,Barguna,2021-22,2021,115929.0,108783.0,1278.0,114651.0,,BBS district estimates 2015-16 to 2025-26,0.9384
Barguna,Barguna,2022-23,2022,121081.0,113461.0,1099.0,119982.0,,BBS district estimates 2015-16 to 2025-26,0.9371
Barguna,Barguna,2023-24,2023,106300.0,103919.0,960.0,105205.0,135.0,BBS district estimates 2015-16 to 2025-26,0.9776
Barguna,Barguna,2024-25,2024,85660.0,81144.0,1375.0,84285.0,0.0,BBS district estimates 2015-16 to 2025-26,0.9473
Barguna,Barguna,2025-26,2025,80068.0,89585.0,2190.0,77813.0,65.0,BBS district estimates 2015-16 to 2025-26,1.1189
Barisal,Barisal,2006-07,2006,76115.0,44104.0,50675,25440,,BBS 45-year statistics,0.5794
Barisal,Barisal,2007-08,2007,79435.0,42882.0,51660,27775,,BBS 45-year statistics,0.5398
Barisal,Barisal,2008-09,2008,90050.0,49954.0,57680,32370,,BBS 45-year statistics,0.5547
Barisal,Barisal,2009-10,2009,78403.0,49051.0,47615,30788,,BBS 45-year statistics,0.6256
Barisal,Barisal,2010-11,2010,81759.0,58130.0,47986,33773,,BBS 45-year statistics,0.711
Barisal,Barisal,2011-12,2011,86477.0,60966.0,51687,34790,,BBS 45-year statistics,0.705
Barisal,Barisal,2012-13,2012,86116.0,56747.0,52319,33797,,BBS 45-year statistics,0.659
Barisal,Barisal,2013-14,2013,86536.0,48335.0,48551,37985,,BBS 45-year statistics,0.5586
Barisal,Barisal,2014-15,2014,83188.0,49083.0,42300,40888,,BBS 45-year statistics,0.59
Barisal,Barishal,2015-16,2015,67235.0,40801.0,36402.0,30833.0,,BBS district estimates 2015-16 to 2025-26,0.6068
Barisal,Barishal,2016-17,2016,54216.0,35582.0,26431.0,27785.0,,BBS district estimates 2015-16 to 2025-26,0.6563
Barisal,Barishal,2017-18,2017,42678.0,31237.0,26367.0,16312.0,,BBS district estimates 2015-16 to 2025-26,0.7319
Barisal,Barishal,2018-19,2018,53796.0,38239.0,35611.0,18185.0,,BBS district estimates 2015-16 to 2025-26,0.7108
Barisal,Barishal,2019-20,2019,36159.0,20507.0,18359.0,17800.0,,BBS district estimates 2015-16 to 2025-26,0.5671
Barisal,Barishal,2020-21,2020,44719.0,33829.0,17087.0,27632.0,,BBS district estimates 2015-16 to 2025-26,0.7565
Barisal,Barishal,2021-22,2021,29100.0,19318.0,16420.0,12680.0,,BBS district estimates 2015-16 to 2025-26,0.6638
Barisal,Barishal,2022-23,2022,30186.0,24711.0,13842.0,16344.0,,BBS district estimates 2015-16 to 2025-26,0.8186
Barisal,Barishal,2023-24,2023,21266.0,19281.0,7109.0,14157.0,0.0,BBS district estimates 2015-16 to 2025-26,0.9067
Barisal,Barishal,2024-25,2024,16577.0,16737.0,3424.0,13153.0,0.0,BBS district estimates 2015-16 to 2025-26,1.0097
Barisal,Barishal,2025-26,2025,13324.0,12619.0,2486.0,10838.0,0.0,BBS district estimates 2015-16 to 2025-26,0.9471
Bbaria,Brahmanbaria,2006-07,2006,14010.0,7986.0,6850,7160,,BBS 45-year statistics,0.57
Bbaria,Brahmanbaria,2007-08,2007,8310.0,4535.0,3680,4630,,BBS 45-year statistics,0.5457
Bbaria,Brahmanbaria,2008-09,2008,10620.0,6211.0,6290,4330,,BBS 45-year statistics,0.5848
Bbaria,Brahmanbaria,2009-10,2009,7947.0,4455.0,4455,3492,,BBS 45-year statistics,0.5606
Bbaria,Brahmanbaria,2010-11,2010,9621.0,6894.0,2724,6897,,BBS 45-year statistics,0.7166
Bbaria,Brahmanbaria,2011-12,2011,14009.0,10367.0,4624,9385,,BBS 45-year statistics,0.74
Bbaria,Brahmanbaria,2012-13,2012,11723.0,8243.0,3391,8332,,BBS 45-year statistics,0.7031
Bbaria,Brahmanbaria,2013-14,2013,9580.0,8127.0,2299,7281,,BBS 45-year statistics,0.8483
Bbaria,Brahmanbaria,2014-15,2014,11714.0,10100.0,2121,9593,,BBS 45-year statistics,0.8622
Bbaria,Brahmanbaria,2015-16,2015,17034.0,13264.0,3117.0,13917.0,,BBS district estimates 2015-16 to 2025-26,0.7787
Bbaria,Brahmanbaria,2016-17,2016,18901.0,16639.0,2158.0,16743.0,,BBS district estimates 2015-16 to 2025-26,0.8803
Bbaria,Brahmanbaria,2017-18,2017,20053.0,20573.0,247.0,19806.0,,BBS district estimates 2015-16 to 2025-26,1.0259
Bbaria,Brahmanbaria,2018-19,2018,21312.0,20992.0,514.0,20798.0,,BBS district estimates 2015-16 to 2025-26,0.985
Bbaria,Brahmanbaria,2019-20,2019,27849.0,27157.0,568.0,27281.0,,BBS district estimates 2015-16 to 2025-26,0.9752
Bbaria,Brahmanbaria,2020-21,2020,28171.0,29411.0,57.0,28113.0,,BBS district estimates 2015-16 to 2025-26,1.044
Bbaria,Brahmanbaria,2021-22,2021,28942.0,30267.0,49.0,28893.0,,BBS district estimates 2015-16 to 2025-26,1.0458
Bbaria,Brahmanbaria,2022-23,2022,24301.0,30106.0,14.0,24287.0,,BBS district estimates 2015-16 to 2025-26,1.2389
Bbaria,Brahmanbaria,2023-24,2023,37814.0,47383.0,0.0,37741.0,73.0,BBS district estimates 2015-16 to 2025-26,1.2531
Bbaria,Brahmanbaria,2024-25,2024,42428.0,52371.0,0.0,42373.0,55.0,BBS district estimates 2015-16 to 2025-26,1.2343
Bbaria,Brahmanbaria,2025-26,2025,34835.0,39352.0,0.0,34806.0,29.0,BBS district estimates 2015-16 to 2025-26,1.1297
Bhola,Bhola,2006-07,2006,123480.0,62360.0,87140,36340,,BBS 45-year statistics,0.505
Bhola,Bhola,2007-08,2007,145715.0,79537.0,106745,38970,,BBS 45-year statistics,0.5458
Bhola,Bhola,2008-09,2008,163745.0,87298.0,114110,49635,,BBS 45-year statistics,0.5331
Bhola,Bhola,2009-10,2009,162053.0,78827.0,108003,54050,,BBS 45-year statistics,0.4864
Bhola,Bhola,2010-11,2010,170659.0,112453.0,114774,55885,,BBS 45-year statistics,0.6589
Bhola,Bhola,2011-12,2011,160173.0,109977.0,100240,59933,,BBS 45-year statistics,0.6866
Bhola,Bhola,2012-13,2012,151146.0,93360.0,95796,55350,,BBS 45-year statistics,0.6177
Bhola,Bhola,2013-14,2013,150541.0,81528.0,93142,57399,,BBS 45-year statistics,0.5416
Bhola,Bhola,2014-15,2014,184434.0,100811.0,117223,67211,,BBS 45-year statistics,0.5466
Bhola,Bhola,2015-16,2015,188122.0,111741.0,119567.0,68555.0,,BBS district estimates 2015-16 to 2025-26,0.594
Bhola,Bhola,2016-17,2016,185353.0,119328.0,115524.0,69829.0,,BBS district estimates 2015-16 to 2025-26,0.6438
Bhola,Bhola,2017-18,2017,214491.0,174068.0,109247.0,105244.0,,BBS district estimates 2015-16 to 2025-26,0.8115
Bhola,Bhola,2018-19,2018,209401.0,172102.0,99520.0,109881.0,,BBS district estimates 2015-16 to 2025-26,0.8219
Bhola,Bhola,2019-20,2019,180929.0,160144.0,51327.0,129602.0,,BBS district estimates 2015-16 to 2025-26,0.8851
Bhola,Bhola,2020-21,2020,225181.0,176699.0,41529.0,183652.0,,BBS district estimates 2015-16 to 2025-26,0.7847
Bhola,Bhola,2021-22,2021,205166.0,180850.0,39554.0,165612.0,,BBS district estimates 2015-16 to 2025-26,0.8815
Bhola,Bhola,2022-23,2022,202984.0,209628.0,32770.0,170214.0,,BBS district estimates 2015-16 to 2025-26,1.0327
Bhola,Bhola,2023-24,2023,179246.0,190784.0,7759.0,171240.0,247.0,BBS district estimates 2015-16 to 2025-26,1.0644
Bhola,Bhola,2024-25,2024,148722.0,158636.0,11070.0,137652.0,0.0,BBS district estimates 2015-16 to 2025-26,1.0667
Bhola,Bhola,2025-26,2025,137587.0,152213.0,8392.0,129195.0,0.0,BBS district estimates 2015-16 to 2025-26,1.1063
Bogra,Bogra,2006-07,2006,20940.0,15891.0,0,20940,,BBS 45-year statistics,0.7589
Bogra,Bogra,2007-08,2007,52555.0,44430.0,265,52290,,BBS 45-year statistics,0.8454
Bogra,Bogra,2008-09,2008,71915.0,60130.0,0,71915,,BBS 45-year statistics,0.8361
Bogra,Bogra,2009-10,2009,40894.0,27889.0,0,40894,,BBS 45-year statistics,0.682
Bogra,Bogra,2010-11,2010,54746.0,43404.0,0,54746,,BBS 45-year statistics,0.7928
Bogra,Bogra,2011-12,2011,63314.0,53248.0,0,63314,,BBS 45-year statistics,0.841
Bogra,Bogra,2012-13,2012,57296.0,50923.0,0,57296,,BBS 45-year statistics,0.8888
Bogra,Bogra,2013-14,2013,57296.0,56120.0,0,57296,,BBS 45-year statistics,0.9795
Bogra,Bogra,2014-15,2014,56081.0,52125.0,0,56081,,BBS 45-year statistics,0.9295
Bogra,Bogura,2015-16,2015,53227.0,53446.0,0.0,53227.0,,BBS district estimates 2015-16 to 2025-26,1.0041
Bogra,Bogura,2016-17,2016,46649.0,47137.0,0.0,46649.0,,BBS district estimates 2015-16 to 2025-26,1.0105
Bogra,Bogura,2017-18,2017,47136.0,53795.0,0.0,47136.0,,BBS district estimates 2015-16 to 2025-26,1.1413
Bogra,Bogura,2018-19,2018,49995.0,57385.0,0.0,49995.0,,BBS district estimates 2015-16 to 2025-26,1.1478
Bogra,Bogura,2019-20,2019,66686.0,68154.0,0.0,66686.0,,BBS district estimates 2015-16 to 2025-26,1.022
Bogra,Bogura,2020-21,2020,79878.0,78226.0,731.0,79148.0,,BBS district estimates 2015-16 to 2025-26,0.9793
Bogra,Bogura,2021-22,2021,45372.0,47837.0,360.0,45012.0,,BBS district estimates 2015-16 to 2025-26,1.0543
Bogra,Bogura,2022-23,2022,38964.0,43924.0,0.0,38964.0,,BBS district estimates 2015-16 to 2025-26,1.1273
Bogra,Bogura,2023-24,2023,32157.0,40965.0,0.0,29451.0,2706.0,BBS district estimates 2015-16 to 2025-26,1.2739
Bogra,Bogura,2024-25,2024,30720.0,38372.0,0.0,28505.0,2215.0,BBS district estimates 2015-16 to 2025-26,1.2491
Bogra,Bogra,2025-26,2025,30014.0,32830.0,0.0,27579.0,2435.0,BBS district estimates 2015-16 to 2025-26,1.0938
Chandpur,Chandpur,2006-07,2006,37490.0,24838.0,13135,24355,,BBS 45-year statistics,0.6625
Chandpur,Chandpur,2007-08,2007,23450.0,15610.0,4600,18850,,BBS 45-year statistics,0.6657
Chandpur,Chandpur,2008-09,2008,31390.0,23942.0,3660,27730,,BBS 45-year statistics,0.7627
Chandpur,Chandpur,2009-10,2009,29625.0,21373.0,2354,27271,,BBS 45-year statistics,0.7215
Chandpur,Chandpur,2010-11,2010,29093.0,22558.0,1850,27243,,BBS 45-year statistics,0.7754
Chandpur,Chandpur,2011-12,2011,24538.0,24282.0,1374,23164,,BBS 45-year statistics,0.9896
Chandpur,Chandpur,2012-13,2012,24725.0,22360.0,1365,23360,,BBS 45-year statistics,0.9043
Chandpur,Chandpur,2013-14,2013,25344.0,22552.0,1175,24169,,BBS 45-year statistics,0.8898
Chandpur,Chandpur,2014-15,2014,29308.0,25969.0,2791,26517,,BBS 45-year statistics,0.8861
Chandpur,Chandpur,2015-16,2015,25199.0,24351.0,1514.0,23685.0,,BBS district estimates 2015-16 to 2025-26,0.9663
Chandpur,Chandpur,2016-17,2016,24393.0,24569.0,1149.0,23244.0,,BBS district estimates 2015-16 to 2025-26,1.0072
Chandpur,Chandpur,2017-18,2017,24600.0,25483.0,902.0,23698.0,,BBS district estimates 2015-16 to 2025-26,1.0359
Chandpur,Chandpur,2018-19,2018,24152.0,26286.0,1007.0,23145.0,,BBS district estimates 2015-16 to 2025-26,1.0884
Chandpur,Chandpur,2019-20,2019,21009.0,19866.0,734.0,20275.0,,BBS district estimates 2015-16 to 2025-26,0.9456
Chandpur,Chandpur,2020-21,2020,26157.0,27283.0,751.0,25406.0,,BBS district estimates 2015-16 to 2025-26,1.043
Chandpur,Chandpur,2021-22,2021,23876.0,25762.0,722.0,23154.0,,BBS district estimates 2015-16 to 2025-26,1.079
Chandpur,Chandpur,2022-23,2022,25930.0,24902.0,745.0,25185.0,,BBS district estimates 2015-16 to 2025-26,0.9604
Chandpur,Chandpur,2023-24,2023,28733.0,32637.0,1465.0,26866.0,402.0,BBS district estimates 2015-16 to 2025-26,1.1359
Chandpur,Chandpur,2024-25,2024,21387.0,25073.0,1258.0,19974.0,155.0,BBS district estimates 2015-16 to 2025-26,1.1723
Chandpur,Chandpur,2025-26,2025,27291.0,32993.0,1256.0,25816.0,219.0,BBS district estimates 2015-16 to 2025-26,1.2089
Chapai,Nawabgonj,2006-07,2006,80660.0,65724.0,35805,44855,,BBS 45-year statistics,0.8148
Chapai,Nawabgonj,2007-08,2007,102135.0,74924.0,39010,63125,,BBS 45-year statistics,0.7336
Chapai,Nawabgonj,2008-09,2008,121330.0,81055.0,41680,79650,,BBS 45-year statistics,0.6681
Chapai,Nawabgonj,2009-10,2009,106005.0,74854.0,38349,67656,,BBS 45-year statistics,0.7061
Chapai,Nawabgonj,2010-11,2010,129951.0,101865.0,31519,98432,,BBS 45-year statistics,0.7839
Chapai,Nawabgonj,2011-12,2011,128176.0,99807.0,28077,100099,,BBS 45-year statistics,0.7787
Chapai,Nawabgonj,2012-13,2012,8.0,4.0,0,8,,BBS 45-year statistics,0.5
Chapai,Nawabgonj,2013-14,2013,2.0,1.0,0,2,,BBS 45-year statistics,0.5
Chapai,Nawabgonj,2014-15,2014,111406.0,108316.0,18850,92556,,BBS 45-year statistics,0.9723
Chapai,Nawabgonj,2015-16,2015,121368.0,115474.0,19619.0,101749.0,,BBS district estimates 2015-16 to 2025-26,0.9514
Chapai,Nawabgonj,2016-17,2016,115949.0,112269.0,18876.0,97073.0,,BBS district estimates 2015-16 to 2025-26,0.9683
Chapai,Chapai Nawabgonj,2017-18,2017,130054.0,135671.0,19769.0,110285.0,,BBS district estimates 2015-16 to 2025-26,1.0432
Chapai,Chapai Nawabgonj,2018-19,2018,128535.0,138418.0,19013.0,109522.0,,BBS district estimates 2015-16 to 2025-26,1.0769
Chapai,Chapai Nawabgonj,2019-20,2019,94915.0,102365.0,9138.0,85777.0,,BBS district estimates 2015-16 to 2025-26,1.0785
Chapai,Chapai Nawabgonj,2020-21,2020,112725.0,123224.0,149.0,112576.0,,BBS district estimates 2015-16 to 2025-26,1.0931
Chapai,Chapai Nawabgonj,2021-22,2021,104554.0,123948.0,5885.0,98669.0,,BBS district estimates 2015-16 to 2025-26,1.1855
Chapai,Chapai Nawabgonj,2022-23,2022,103068.0,129767.0,4698.0,98370.0,,BBS district estimates 2015-16 to 2025-26,1.259
Chapai,Chapai Nawabgonj,2023-24,2023,100478.0,123942.0,5301.0,94720.0,457.0,BBS district estimates 2015-16 to 2025-26,1.2335
Chapai,Chapai Nawabgonj,2024-25,2024,85124.0,110363.0,45.0,84883.0,196.0,BBS district estimates 2015-16 to 2025-26,1.2965
Chapai,Chapai Nawabgonj,2025-26,2025,79359.0,99114.0,40.0,79120.0,199.0,BBS district estimates 2015-16 to 2025-26,1.2489
Chittagong,Chittagong,2006-07,2006,91835.0,86859.0,23525,68310,,BBS 45-year statistics,0.9458
Chittagong,Chittagong,2007-08,2007,99600.0,93523.0,17540,82060,,BBS 45-year statistics,0.939
Chittagong,Chittagong,2008-09,2008,103450.0,102177.0,17695,85755,,BBS 45-year statistics,0.9877
Chittagong,Chittagong,2009-10,2009,104473.0,102418.0,21746,82727,,BBS 45-year statistics,0.9803
Chittagong,Chittagong,2010-11,2010,108306.0,102394.0,17042,91264,,BBS 45-year statistics,0.9454
Chittagong,Chittagong,2011-12,2011,111671.0,108080.0,17001,94670,,BBS 45-year statistics,0.9678
Chittagong,Chittagong,2012-13,2012,108712.0,107343.0,16215,92497,,BBS 45-year statistics,0.9874
Chittagong,Chittagong,2013-14,2013,109163.0,110758.0,17624,91539,,BBS 45-year statistics,1.0146
Chittagong,Chittagong,2014-15,2014,108575.0,108026.0,17423,91152,,BBS 45-year statistics,0.9949
Chittagong,Chattagram,2015-16,2015,76969.0,77092.0,16466.0,60503.0,,BBS district estimates 2015-16 to 2025-26,1.0016
Chittagong,Chattagram,2016-17,2016,78593.0,84071.0,15418.0,63175.0,,BBS district estimates 2015-16 to 2025-26,1.0697
Chittagong,Chattogram,2017-18,2017,87793.0,92506.0,15948.0,71845.0,,BBS district estimates 2015-16 to 2025-26,1.0537
Chittagong,Chattogram,2018-19,2018,89102.0,97581.0,16809.0,72293.0,,BBS district estimates 2015-16 to 2025-26,1.0952
Chittagong,Chattogram,2019-20,2019,82059.0,87523.0,13666.0,68393.0,,BBS district estimates 2015-16 to 2025-26,1.0666
Chittagong,Chattogram,2020-21,2020,87232.0,101908.0,17140.0,70092.0,,BBS district estimates 2015-16 to 2025-26,1.1682
Chittagong,Chattogram,2021-22,2021,82397.0,88815.0,16559.0,65838.0,,BBS district estimates 2015-16 to 2025-26,1.0779
Chittagong,Chattogram,2022-23,2022,89909.0,105284.0,20634.0,69275.0,,BBS district estimates 2015-16 to 2025-26,1.171
Chittagong,Chattogram,2023-24,2023,85702.0,103713.0,19716.0,52003.0,13983.0,BBS district estimates 2015-16 to 2025-26,1.2102
Chittagong,Chattogram,2024-25,2024,73275.0,91838.0,9580.0,50404.0,13291.0,BBS district estimates 2015-16 to 2025-26,1.2533
Chittagong,Chattogram,2025-26,2025,72703.0,86482.0,8881.0,51577.0,12245.0,BBS district estimates 2015-16 to 2025-26,1.1895
Chuadanga,Chuadanga,2006-07,2006,20660.0,15796.0,1405,19255,,BBS 45-year statistics,0.7646
Chuadanga,Chuadanga,2007-08,2007,27555.0,19851.0,1860,25695,,BBS 45-year statistics,0.7204
Chuadanga,Chuadanga,2008-09,2008,33950.0,27860.0,1860,32090,,BBS 45-year statistics,0.8206
Chuadanga,Chuadanga,2009-10,2009,25372.0,19735.0,1090,24282,,BBS 45-year statistics,0.7778
Chuadanga,Chuadanga,2010-11,2010,28466.0,23164.0,560,27906,,BBS 45-year statistics,0.8137
Chuadanga,Chuadanga,2011-12,2011,35404.0,37880.0,701,34703,,BBS 45-year statistics,1.0699
Chuadanga,Chuadanga,2012-13,2012,20271.0,20089.0,0,20271,,BBS 45-year statistics,0.991
Chuadanga,Chuadanga,2013-14,2013,20873.0,22977.0,0,20873,,BBS 45-year statistics,1.1008
Chuadanga,Chuadanga,2014-15,2014,63034.0,70287.0,108,62926,,BBS 45-year statistics,1.1151
Chuadanga,Chuadanga,2015-16,2015,67871.0,74737.0,0.0,67871.0,,BBS district estimates 2015-16 to 2025-26,1.1012
Chuadanga,Chuadanga,2016-17,2016,67070.0,75607.0,0.0,67070.0,,BBS district estimates 2015-16 to 2025-26,1.1273
Chuadanga,Chuadanga,2017-18,2017,94890.0,111916.0,0.0,94890.0,,BBS district estimates 2015-16 to 2025-26,1.1794
Chuadanga,Chuadanga,2018-19,2018,93348.0,109585.0,0.0,93348.0,,BBS district estimates 2015-16 to 2025-26,1.1739
Chuadanga,Chuadanga,2019-20,2019,96922.0,105055.0,11297.0,85625.0,,BBS district estimates 2015-16 to 2025-26,1.0839
Chuadanga,Chuadanga,2020-21,2020,105578.0,114888.0,11544.0,94034.0,,BBS district estimates 2015-16 to 2025-26,1.0882
Chuadanga,Chuadanga,2021-22,2021,97540.0,112404.0,305.0,97235.0,,BBS district estimates 2015-16 to 2025-26,1.1524
Chuadanga,Chuadanga,2022-23,2022,94846.0,107485.0,0.0,94846.0,,BBS district estimates 2015-16 to 2025-26,1.1333
Chuadanga,Chuadanga,2023-24,2023,105508.0,130075.0,0.0,97881.0,7627.0,BBS district estimates 2015-16 to 2025-26,1.2328
Chuadanga,Chuadanga,2024-25,2024,108003.0,137498.0,0.0,101409.0,6594.0,BBS district estimates 2015-16 to 2025-26,1.2731
Chuadanga,Chuadanga,2025-26,2025,109456.0,133256.0,0.0,103650.0,5806.0,BBS district estimates 2015-16 to 2025-26,1.2174
Comilla,Comilla,2006-07,2006,116225.0,90069.0,15200,101025,,BBS 45-year statistics,0.775
Comilla,Comilla,2007-08,2007,77375.0,50677.0,9460,67915,,BBS 45-year statistics,0.655
Comilla,Comilla,2008-09,2008,124460.0,99278.0,11955,112505,,BBS 45-year statistics,0.7977
Comilla,Comilla,2009-10,2009,160828.0,137086.0,9683,151145,,BBS 45-year statistics,0.8524
Comilla,Comilla,2010-11,2010,161742.0,141448.0,5405,156337,,BBS 45-year statistics,0.8745
Comilla,Comilla,2011-12,2011,172231.0,157418.0,2287,169944,,BBS 45-year statistics,0.914
Comilla,Comilla,2012-13,2012,166611.0,161670.0,1742,164869,,BBS 45-year statistics,0.9703
Comilla,Comilla,2013-14,2013,172392.0,189004.0,995,171397,,BBS 45-year statistics,1.0964
Comilla,Comilla,2014-15,2014,169961.0,172306.0,506,169455,,BBS 45-year statistics,1.0138
Comilla,Cumilla,2015-16,2015,160887.0,159886.0,2129.0,158758.0,,BBS district estimates 2015-16 to 2025-26,0.9938
Comilla,Cumilla,2016-17,2016,158057.0,148178.0,6138.0,151919.0,,BBS district estimates 2015-16 to 2025-26,0.9375
Comilla,Cumilla,2017-18,2017,174954.0,185718.0,185.0,174769.0,,BBS district estimates 2015-16 to 2025-26,1.0615
Comilla,Cumilla,2018-19,2018,175597.0,191367.0,415.0,175182.0,,BBS district estimates 2015-16 to 2025-26,1.0898
Comilla,Cumilla,2019-20,2019,180885.0,189367.0,235.0,180650.0,,BBS district estimates 2015-16 to 2025-26,1.0469
Comilla,Cumilla,2020-21,2020,194395.0,184858.0,4559.0,189836.0,,BBS district estimates 2015-16 to 2025-26,0.9509
Comilla,Cumilla,2021-22,2021,183224.0,194111.0,3141.0,180083.0,,BBS district estimates 2015-16 to 2025-26,1.0594
Comilla,Cumilla,2022-23,2022,184517.0,210647.0,3167.0,181350.0,,BBS district estimates 2015-16 to 2025-26,1.1416
Comilla,Cumilla,2023-24,2023,194345.0,234839.0,0.0,174475.0,19871.0,BBS district estimates 2015-16 to 2025-26,1.2084
Comilla,Cumilla,2024-25,2024,195484.0,236272.0,0.0,175838.0,19646.0,BBS district estimates 2015-16 to 2025-26,1.2087
Comilla,Cumilla,2025-26,2025,186680.0,222393.0,0.0,169087.0,17593.0,BBS district estimates 2015-16 to 2025-26,1.1913
Coxsbazar,Cox's Bazar,2006-07,2006,1725.0,1897.0,25,1700,,BBS 45-year statistics,1.0997
Coxsbazar,Cox's Bazar,2007-08,2007,1765.0,1837.0,25,1740,,BBS 45-year statistics,1.0408
Coxsbazar,Cox's Bazar,2008-09,2008,1785.0,1871.0,25,1760,,BBS 45-year statistics,1.0482
Coxsbazar,Cox's Bazar,2009-10,2009,1632.0,2209.0,26,1606,,BBS 45-year statistics,1.3536
Coxsbazar,Cox's Bazar,2010-11,2010,12494.0,13572.0,354,12140,,BBS 45-year statistics,1.0863
Coxsbazar,Cox's Bazar,2011-12,2011,7804.0,8779.0,21,7783,,BBS 45-year statistics,1.1249
Coxsbazar,Cox's Bazar,2012-13,2012,5676.0,5690.0,22,5654,,BBS 45-year statistics,1.0025
Coxsbazar,Cox's Bazar,2013-14,2013,5347.0,4747.0,26,5321,,BBS 45-year statistics,0.8878
Coxsbazar,Cox's Bazar,2014-15,2014,4405.0,4110.0,20,4385,,BBS 45-year statistics,0.933
Coxsbazar,Cox's Bazar,2015-16,2015,1582.0,1557.0,22.0,1560.0,,BBS district estimates 2015-16 to 2025-26,0.9842
Coxsbazar,Cox's Bazar,2016-17,2016,2980.0,2886.0,200.0,2780.0,,BBS district estimates 2015-16 to 2025-26,0.9685
Coxsbazar,Cox’s Bazar,2017-18,2017,8827.0,9537.0,0.0,8827.0,,BBS district estimates 2015-16 to 2025-26,1.0804
Coxsbazar,Cox’s Bazar,2018-19,2018,7861.0,8950.0,0.0,7861.0,,BBS district estimates 2015-16 to 2025-26,1.1385
Coxsbazar,Cox’s Bazar,2019-20,2019,4508.0,4878.0,123.0,4385.0,,BBS district estimates 2015-16 to 2025-26,1.0821
Coxsbazar,Cox’s Bazar,2020-21,2020,7479.0,7961.0,315.0,7164.0,,BBS district estimates 2015-16 to 2025-26,1.0644
Coxsbazar,Cox’s Bazar,2021-22,2021,4976.0,5718.0,252.0,4724.0,,BBS district estimates 2015-16 to 2025-26,1.1491
Coxsbazar,Cox’s Bazar,2022-23,2022,5989.0,8257.0,170.0,5819.0,,BBS district estimates 2015-16 to 2025-26,1.3787
Coxsbazar,Cox’s Bazar,2023-24,2023,6272.0,8636.0,159.0,6113.0,0.0,BBS district estimates 2015-16 to 2025-26,1.3769
Coxsbazar,Cox’s Bazar,2024-25,2024,6103.0,8261.0,139.0,5964.0,0.0,BBS district estimates 2015-16 to 2025-26,1.3536
Coxsbazar,Cox' Bazar,2025-26,2025,6503.0,9195.0,109.0,6375.0,19.0,BBS district estimates 2015-16 to 2025-26,1.414
Dhaka,Dhaka,2006-07,2006,3490.0,1239.0,2780,710,,BBS 45-year statistics,0.355
Dhaka,Dhaka,2007-08,2007,1960.0,804.0,1270,690,,BBS 45-year statistics,0.4102
Dhaka,Dhaka,2008-09,2008,2780.0,1492.0,1370,1410,,BBS 45-year statistics,0.5367
Dhaka,Dhaka,2009-10,2009,2227.0,1353.0,757,1470,,BBS 45-year statistics,0.6075
Dhaka,Dhaka,2010-11,2010,1607.0,912.0,388,1219,,BBS 45-year statistics,0.5675
Dhaka,Dhaka,2011-12,2011,1552.0,927.0,363,1189,,BBS 45-year statistics,0.5973
Dhaka,Dhaka,2012-13,2012,1241.0,752.0,223,1018,,BBS 45-year statistics,0.606
Dhaka,Dhaka,2013-14,2013,1178.0,947.0,188,990,,BBS 45-year statistics,0.8039
Dhaka,Dhaka,2014-15,2014,1711.0,1413.0,45,1666,,BBS 45-year statistics,0.8258
Dhaka,Dhaka,2015-16,2015,1617.0,1431.0,199.0,1418.0,,BBS district estimates 2015-16 to 2025-26,0.885
Dhaka,Dhaka,2016-17,2016,1618.0,1407.0,195.0,1423.0,,BBS district estimates 2015-16 to 2025-26,0.8696
Dhaka,Dhaka,2017-18,2017,1846.0,2016.0,2.0,1843.0,,BBS district estimates 2015-16 to 2025-26,1.0921
Dhaka,Dhaka,2018-19,2018,1201.0,1098.0,18.0,1183.0,,BBS district estimates 2015-16 to 2025-26,0.9142
Dhaka,Dhaka,2019-20,2019,1583.0,1502.0,186.0,1397.0,,BBS district estimates 2015-16 to 2025-26,0.9488
Dhaka,Dhaka,2020-21,2020,1454.0,1149.0,182.0,1272.0,,BBS district estimates 2015-16 to 2025-26,0.7902
Dhaka,Dhaka,2021-22,2021,1771.0,1842.0,205.0,1567.0,,BBS district estimates 2015-16 to 2025-26,1.0401
Dhaka,Dhaka,2022-23,2022,1785.0,1923.0,207.0,1578.0,,BBS district estimates 2015-16 to 2025-26,1.0773
Dhaka,Dhaka,2023-24,2023,1587.0,1821.0,50.0,1537.0,0.0,BBS district estimates 2015-16 to 2025-26,1.1474
Dhaka,Dhaka,2024-25,2024,1548.0,1726.0,0.0,1548.0,0.0,BBS district estimates 2015-16 to 2025-26,1.115
Dhaka,Dhaka,2025-26,2025,1548.0,1799.0,0.0,1548.0,0.0,BBS district estimates 2015-16 to 2025-26,1.1621
Dinajpur,Dinajpur,2006-07,2006,19260.0,14343.0,0,19260,,BBS 45-year statistics,0.7447
Dinajpur,Dinajpur,2007-08,2007,25145.0,17608.0,0,25145,,BBS 45-year statistics,0.7003
Dinajpur,Dinajpur,2008-09,2008,22755.0,22245.0,0,22755,,BBS 45-year statistics,0.9776
Dinajpur,Dinajpur,2009-10,2009,9578.0,7826.0,0,9578,,BBS 45-year statistics,0.8171
Dinajpur,Dinajpur,2010-11,2010,10705.0,8603.0,0,10705,,BBS 45-year statistics,0.8036
Dinajpur,Dinajpur,2011-12,2011,14314.0,15678.0,0,14314,,BBS 45-year statistics,1.0953
Dinajpur,Dinajpur,2012-13,2012,54201.0,30776.0,33613,20588,,BBS 45-year statistics,0.5678
Dinajpur,Dinajpur,2013-14,2013,57176.0,37392.0,30358,26818,,BBS 45-year statistics,0.654
Dinajpur,Dinajpur,2014-15,2014,12067.0,11216.0,0,12067,,BBS 45-year statistics,0.9295
Dinajpur,Dinajpur,2015-16,2015,16742.0,15748.0,0.0,16742.0,,BBS district estimates 2015-16 to 2025-26,0.9406
Dinajpur,Dinajpur,2016-17,2016,12869.0,11577.0,0.0,12869.0,,BBS district estimates 2015-16 to 2025-26,0.8996
Dinajpur,Dinajpur,2017-18,2017,19047.0,22157.0,0.0,19047.0,,BBS district estimates 2015-16 to 2025-26,1.1633
Dinajpur,Dinajpur,2018-19,2018,17084.0,20324.0,0.0,17084.0,,BBS district estimates 2015-16 to 2025-26,1.1897
Dinajpur,Dinajpur,2019-20,2019,17023.0,16801.0,0.0,17023.0,,BBS district estimates 2015-16 to 2025-26,0.987
Dinajpur,Dinajpur,2020-21,2020,28663.0,24277.0,0.0,28663.0,,BBS district estimates 2015-16 to 2025-26,0.847
Dinajpur,Dinajpur,2021-22,2021,26319.0,29197.0,0.0,26319.0,,BBS district estimates 2015-16 to 2025-26,1.1094
Dinajpur,Dinajpur,2022-23,2022,25595.0,28662.0,0.0,25595.0,,BBS district estimates 2015-16 to 2025-26,1.1198
Dinajpur,Dinajpur,2023-24,2023,25733.0,31563.0,0.0,23917.0,1816.0,BBS district estimates 2015-16 to 2025-26,1.2266
Dinajpur,Dinajpur,2024-25,2024,25437.0,30581.0,0.0,24016.0,1421.0,BBS district estimates 2015-16 to 2025-26,1.2022
Dinajpur,Dinajpur,2025-26,2025,24405.0,28503.0,0.0,23206.0,1199.0,BBS district estimates 2015-16 to 2025-26,1.1679
Faridpur,Faridpur,2006-07,2006,41920.0,12678.0,41910,10,,BBS 45-year statistics,0.3024
Faridpur,Faridpur,2007-08,2007,19740.0,5512.0,19740,0,,BBS 45-year statistics,0.2792
Faridpur,Faridpur,2008-09,2008,35265.0,14034.0,35240,25,,BBS 45-year statistics,0.398
Faridpur,Faridpur,2009-10,2009,32845.0,12374.0,32145,700,,BBS 45-year statistics,0.3767
Faridpur,Faridpur,2010-11,2010,23593.0,8557.0,22758,835,,BBS 45-year statistics,0.3627
Faridpur,Faridpur,2011-12,2011,18825.0,5272.0,17950,875,,BBS 45-year statistics,0.2801
Faridpur,Faridpur,2012-13,2012,20142.0,9068.0,18937,1205,,BBS 45-year statistics,0.4502
Faridpur,Faridpur,2013-14,2013,18764.0,9272.0,17482,1282,,BBS 45-year statistics,0.4941
Faridpur,Faridpur,2014-15,2014,16626.0,10599.0,12591,4035,,BBS 45-year statistics,0.6375
Faridpur,Faridpur,2015-16,2015,12558.0,6609.0,10227.0,2331.0,,BBS district estimates 2015-16 to 2025-26,0.5263
Faridpur,Faridpur,2016-17,2016,13555.0,7892.0,11096.0,2459.0,,BBS district estimates 2015-16 to 2025-26,0.5822
Faridpur,Faridpur,2017-18,2017,16260.0,10192.0,13047.0,3212.0,,BBS district estimates 2015-16 to 2025-26,0.6268
Faridpur,Faridpur,2018-19,2018,30377.0,15869.0,26659.0,3718.0,,BBS district estimates 2015-16 to 2025-26,0.5224
Faridpur,Faridpur,2019-20,2019,21606.0,10990.0,18172.0,3434.0,,BBS district estimates 2015-16 to 2025-26,0.5087
Faridpur,Faridpur,2020-21,2020,21437.0,13413.0,11441.0,9996.0,,BBS district estimates 2015-16 to 2025-26,0.6257
Faridpur,Faridpur,2021-22,2021,20190.0,12010.0,10643.0,9547.0,,BBS district estimates 2015-16 to 2025-26,0.5948
Faridpur,Faridpur,2022-23,2022,15024.0,12072.0,8401.0,6623.0,,BBS district estimates 2015-16 to 2025-26,0.8035
Faridpur,Faridpur,2023-24,2023,14208.0,11602.0,7890.0,6318.0,0.0,BBS district estimates 2015-16 to 2025-26,0.8166
Faridpur,Faridpur,2024-25,2024,11927.0,11537.0,4239.0,7685.0,3.0,BBS district estimates 2015-16 to 2025-26,0.9673
Faridpur,Faridpur,2025-26,2025,11592.0,10198.0,4160.0,7432.0,0.0,BBS district estimates 2015-16 to 2025-26,0.8797
Feni,Feni,2006-07,2006,34435.0,25262.0,14875,19560,,BBS 45-year statistics,0.7336
Feni,Feni,2007-08,2007,32765.0,18206.0,14780,17985,,BBS 45-year statistics,0.5557
Feni,Feni,2008-09,2008,34055.0,24654.0,15895,18160,,BBS 45-year statistics,0.7239
Feni,Feni,2009-10,2009,29975.0,24875.0,12840,17135,,BBS 45-year statistics,0.8299
Feni,Feni,2010-11,2010,29604.0,22156.0,11583,18021,,BBS 45-year statistics,0.7484
Feni,Feni,2011-12,2011,30420.0,29897.0,11500,18920,,BBS 45-year statistics,0.9828
Feni,Feni,2012-13,2012,30734.0,27255.0,11151,19583,,BBS 45-year statistics,0.8868
Feni,Feni,2013-14,2013,33181.0,27035.0,11609,21572,,BBS 45-year statistics,0.8148
Feni,Feni,2014-15,2014,29269.0,26338.0,10144,19125,,BBS 45-year statistics,0.8999
Feni,Feni,2015-16,2015,23780.0,20818.0,10147.0,13633.0,,BBS district estimates 2015-16 to 2025-26,0.8754
Feni,Feni,2016-17,2016,18593.0,14768.0,5376.0,13217.0,,BBS district estimates 2015-16 to 2025-26,0.7943
Feni,Feni,2017-18,2017,20908.0,19259.0,4386.0,16522.0,,BBS district estimates 2015-16 to 2025-26,0.9211
Feni,Feni,2018-19,2018,29258.0,28102.0,7115.0,22143.0,,BBS district estimates 2015-16 to 2025-26,0.9605
Feni,Feni,2019-20,2019,26313.0,26024.0,5949.0,20364.0,,BBS district estimates 2015-16 to 2025-26,0.989
Feni,Feni,2020-21,2020,27313.0,24428.0,5949.0,21364.0,,BBS district estimates 2015-16 to 2025-26,0.8944
Feni,Feni,2021-22,2021,26305.0,24231.0,5909.0,20396.0,,BBS district estimates 2015-16 to 2025-26,0.9212
Feni,Feni,2022-23,2022,25886.0,23277.0,5910.0,19976.0,,BBS district estimates 2015-16 to 2025-26,0.8992
Feni,Feni,2023-24,2023,19580.0,19940.0,2754.0,16729.0,97.0,BBS district estimates 2015-16 to 2025-26,1.0184
Feni,Feni,2024-25,2024,14101.0,16554.0,482.0,13592.0,27.0,BBS district estimates 2015-16 to 2025-26,1.174
Feni,Feni,2025-26,2025,12735.0,15623.0,0.0,12604.0,131.0,BBS district estimates 2015-16 to 2025-26,1.2268
Gaibandha,Gaibandha,2006-07,2006,40.0,46.0,0,40,,BBS 45-year statistics,1.15
Gaibandha,Gaibandha,2007-08,2007,25.0,14.0,0,25,,BBS 45-year statistics,0.56
Gaibandha,Gaibandha,2008-09,2008,785.0,535.0,0,785,,BBS 45-year statistics,0.6815
Gaibandha,Gaibandha,2009-10,2009,386.0,299.0,0,386,,BBS 45-year statistics,0.7746
Gaibandha,Gaibandha,2010-11,2010,342.0,266.0,0,342,,BBS 45-year statistics,0.7778
Gaibandha,Gaibandha,2011-12,2011,281.0,222.0,0,281,,BBS 45-year statistics,0.79
Gaibandha,Gaibandha,2012-13,2012,145.0,110.0,0,145,,BBS 45-year statistics,0.7586
Gaibandha,Gaibandha,2013-14,2013,110.0,80.0,0,110,,BBS 45-year statistics,0.7273
Gaibandha,Gaibandha,2014-15,2014,804.0,600.0,0,804,,BBS 45-year statistics,0.7463
Gaibandha,Gaibandha,2015-16,2015,2595.0,1763.0,0.0,2595.0,,BBS district estimates 2015-16 to 2025-26,0.6794
Gaibandha,Gaibandha,2016-17,2016,2594.0,1849.0,0.0,2594.0,,BBS district estimates 2015-16 to 2025-26,0.7128
Gaibandha,Gaibandha,2017-18,2017,3974.0,4191.0,0.0,3974.0,,BBS district estimates 2015-16 to 2025-26,1.0546
Gaibandha,Gaibandha,2018-19,2018,5948.0,6157.0,0.0,5948.0,,BBS district estimates 2015-16 to 2025-26,1.0351
Gaibandha,Gaibandha,2019-20,2019,18451.0,16889.0,120.0,18331.0,,BBS district estimates 2015-16 to 2025-26,0.9153
Gaibandha,Gaibandha,2020-21,2020,34042.0,29653.0,49.0,34853.0,,BBS district estimates 2015-16 to 2025-26,0.8711
Gaibandha,Gaibandha,2021-22,2021,33688.0,34126.0,4.0,33684.0,,BBS district estimates 2015-16 to 2025-26,1.013
Gaibandha,Gaibandha,2022-23,2022,32769.0,36814.0,7.0,32762.0,,BBS district estimates 2015-16 to 2025-26,1.1234
Gaibandha,Gaibandha,2023-24,2023,35021.0,41741.0,0.0,34045.0,976.0,BBS district estimates 2015-16 to 2025-26,1.1919
Gaibandha,Gaibandha,2024-25,2024,28252.0,32955.0,0.0,27970.0,282.0,BBS district estimates 2015-16 to 2025-26,1.1665
Gaibandha,Gaibandha,2025-26,2025,19349.0,21751.0,0.0,19226.0,123.0,BBS district estimates 2015-16 to 2025-26,1.1241
Gazipur,Gazipur,2006-07,2006,5970.0,3846.0,180,5790,,BBS 45-year statistics,0.6442
Gazipur,Gazipur,2007-08,2007,6445.0,4328.0,145,6300,,BBS 45-year statistics,0.6715
Gazipur,Gazipur,2008-09,2008,6595.0,4199.0,35,6560,,BBS 45-year statistics,0.6367
Gazipur,Gazipur,2009-10,2009,6145.0,4086.0,18,6127,,BBS 45-year statistics,0.6649
Gazipur,Gazipur,2010-11,2010,5763.0,3869.0,13,5750,,BBS 45-year statistics,0.6714
Gazipur,Gazipur,2011-12,2011,5258.0,4103.0,30,5228,,BBS 45-year statistics,0.7803
Gazipur,Gazipur,2012-13,2012,5258.0,3730.0,12,5246,,BBS 45-year statistics,0.7094
Gazipur,Gazipur,2013-14,2013,6004.0,6324.0,0,6004,,BBS 45-year statistics,1.0533
Gazipur,Gazipur,2014-15,2014,4131.0,4071.0,0,4131,,BBS 45-year statistics,0.9855
Gazipur,Gazipur,2015-16,2015,2921.0,2508.0,0.0,2921.0,,BBS district estimates 2015-16 to 2025-26,0.8586
Gazipur,Gazipur,2016-17,2016,3036.0,2980.0,0.0,3036.0,,BBS district estimates 2015-16 to 2025-26,0.9816
Gazipur,Gazipur,2017-18,2017,3351.0,3729.0,0.0,3351.0,,BBS district estimates 2015-16 to 2025-26,1.1128
Gazipur,Gazipur,2018-19,2018,3293.0,3914.0,0.0,3293.0,,BBS district estimates 2015-16 to 2025-26,1.1886
Gazipur,Gazipur,2019-20,2019,5396.0,6427.0,0.0,5396.0,,BBS district estimates 2015-16 to 2025-26,1.1911
Gazipur,Gazipur,2020-21,2020,3943.0,5147.0,0.0,3943.0,,BBS district estimates 2015-16 to 2025-26,1.3054
Gazipur,Gazipur,2021-22,2021,3805.0,4843.0,0.0,3805.0,,BBS district estimates 2015-16 to 2025-26,1.2728
Gazipur,Gazipur,2022-23,2022,3485.0,4578.0,0.0,3485.0,,BBS district estimates 2015-16 to 2025-26,1.3136
Gazipur,Gazipur,2023-24,2023,3412.0,4703.0,0.0,3333.0,79.0,BBS district estimates 2015-16 to 2025-26,1.3784
Gazipur,Gazipur,2024-25,2024,3292.0,4655.0,0.0,3292.0,0.0,BBS district estimates 2015-16 to 2025-26,1.414
Gazipur,Gazipur,2025-26,2025,3297.0,3874.0,0.0,3297.0,0.0,BBS district estimates 2015-16 to 2025-26,1.175
Gopalganj,Gopalgonj,2006-07,2006,17625.0,5316.0,17575,50,,BBS 45-year statistics,0.3016
Gopalganj,Gopalgonj,2007-08,2007,8980.0,3181.0,8600,380,,BBS 45-year statistics,0.3542
Gopalganj,Gopalgonj,2008-09,2008,10115.0,3829.0,9880,235,,BBS 45-year statistics,0.3785
Gopalganj,Gopalgonj,2009-10,2009,12392.0,4332.0,11892,500,,BBS 45-year statistics,0.3496
Gopalganj,Gopalgonj,2010-11,2010,8663.0,2940.0,8218,445,,BBS 45-year statistics,0.3394
Gopalganj,Gopalgonj,2011-12,2011,8006.0,2847.0,6850,1156,,BBS 45-year statistics,0.3556
Gopalganj,Gopalgonj,2012-13,2012,7684.0,3224.0,6280,1404,,BBS 45-year statistics,0.4196
Gopalganj,Gopalgonj,2013-14,2013,7708.0,5669.0,3370,4338,,BBS 45-year statistics,0.7355
Gopalganj,Gopalgonj,2014-15,2014,6598.0,3953.0,3477,3121,,BBS 45-year statistics,0.5991
Gopalganj,Gopalgonj,2015-16,2015,3435.0,1194.0,3435.0,0.0,,BBS district estimates 2015-16 to 2025-26,0.3476
Gopalganj,Gopalgonj,2016-17,2016,4197.0,2685.0,3300.0,897.0,,BBS district estimates 2015-16 to 2025-26,0.6397
Gopalganj,Gopalgonj,2017-18,2017,8291.0,5010.0,6956.0,1334.0,,BBS district estimates 2015-16 to 2025-26,0.6043
Gopalganj,Gopalgonj,2018-19,2018,7588.0,4765.0,6460.0,1128.0,,BBS district estimates 2015-16 to 2025-26,0.628
Gopalganj,Gopalgonj,2019-20,2019,7796.0,4424.0,4688.0,3108.0,,BBS district estimates 2015-16 to 2025-26,0.5675
Gopalganj,Gopalgonj,2020-21,2020,9664.0,13842.0,3218.0,6446.0,,BBS district estimates 2015-16 to 2025-26,1.4323
Gopalganj,Gopalgonj,2021-22,2021,6611.0,6013.0,2194.0,4417.0,,BBS district estimates 2015-16 to 2025-26,0.9095
Gopalganj,Gopalgonj,2022-23,2022,5243.0,5009.0,1651.0,3592.0,,BBS district estimates 2015-16 to 2025-26,0.9554
Gopalganj,Gopalgonj,2023-24,2023,3820.0,4060.0,891.0,2805.0,124.0,BBS district estimates 2015-16 to 2025-26,1.0628
Gopalganj,Gopalgonj,2024-25,2024,3746.0,4113.0,601.0,3018.0,127.0,BBS district estimates 2015-16 to 2025-26,1.098
Gopalganj,Gopalgonj,2025-26,2025,3984.0,3950.0,529.0,3400.0,55.0,BBS district estimates 2015-16 to 2025-26,0.9915
Habiganj,Hobigonj,2006-07,2006,67250.0,55222.0,5130,62120,,BBS 45-year statistics,0.8211
Habiganj,Hobigonj,2007-08,2007,71425.0,46895.0,4995,66430,,BBS 45-year statistics,0.6566
Habiganj,Hobigonj,2008-09,2008,73555.0,62773.0,3025,70530,,BBS 45-year statistics,0.8534
Habiganj,Hobigonj,2009-10,2009,83005.0,80321.0,2310,80695,,BBS 45-year statistics,0.9677
Habiganj,Hobigonj,2010-11,2010,84356.0,78956.0,2322,82034,,BBS 45-year statistics,0.936
Habiganj,Hobigonj,2011-12,2011,85208.0,83736.0,2052,83156,,BBS 45-year statistics,0.9827
Habiganj,Hobigonj,2012-13,2012,83168.0,77575.0,1852,81316,,BBS 45-year statistics,0.9328
Habiganj,Hobigonj,2013-14,2013,84818.0,86459.0,1696,83122,,BBS 45-year statistics,1.0193
Habiganj,Hobigonj,2014-15,2014,86028.0,83460.0,859,85169,,BBS 45-year statistics,0.9701
Habiganj,Hobigonj,2015-16,2015,103803.0,96347.0,1080.0,102723.0,,BBS district estimates 2015-16 to 2025-26,0.9282
Habiganj,Hobigonj,2016-17,2016,96846.0,92498.0,994.0,95852.0,,BBS district estimates 2015-16 to 2025-26,0.9551
Habiganj,Hobigonj,2017-18,2017,111496.0,120059.0,741.0,110755.0,,BBS district estimates 2015-16 to 2025-26,1.0768
Habiganj,Hobigonj,2018-19,2018,110953.0,121870.0,1608.0,109345.0,,BBS district estimates 2015-16 to 2025-26,1.0984
Habiganj,Hobigonj,2019-20,2019,115473.0,115798.0,618.0,114855.0,,BBS district estimates 2015-16 to 2025-26,1.0028
Habiganj,Hobigonj,2020-21,2020,191786.0,208130.0,886.0,190900.0,,BBS district estimates 2015-16 to 2025-26,1.0852
Habiganj,Hobigonj,2021-22,2021,117456.0,126720.0,845.0,116611.0,,BBS district estimates 2015-16 to 2025-26,1.0789
Habiganj,Hobigonj,2022-23,2022,107676.0,116877.0,193.0,107483.0,,BBS district estimates 2015-16 to 2025-26,1.0855
Habiganj,Hobigonj,2023-24,2023,88827.0,103522.0,191.0,88636.0,0.0,BBS district estimates 2015-16 to 2025-26,1.1654
Habiganj,Hobigonj,2024-25,2024,99039.0,114880.0,344.0,98695.0,0.0,BBS district estimates 2015-16 to 2025-26,1.1599
Habiganj,Hobigonj,2025-26,2025,98661.0,113459.0,353.0,98308.0,0.0,BBS district estimates 2015-16 to 2025-26,1.15
Jamalpur,Jamalpur,2006-07,2006,1480.0,739.0,955,525,,BBS 45-year statistics,0.4993
Jamalpur,Jamalpur,2007-08,2007,1375.0,885.0,450,925,,BBS 45-year statistics,0.6436
Jamalpur,Jamalpur,2008-09,2008,3255.0,1412.0,2140,1115,,BBS 45-year statistics,0.4338
Jamalpur,Jamalpur,2009-10,2009,2793.0,1539.0,1199,1594,,BBS 45-year statistics,0.551
Jamalpur,Jamalpur,2010-11,2010,4220.0,1975.0,2554,1666,,BBS 45-year statistics,0.468
Jamalpur,Jamalpur,2011-12,2011,2395.0,1700.0,887,1508,,BBS 45-year statistics,0.7098
Jamalpur,Jamalpur,2012-13,2012,1646.0,1062.0,558,1088,,BBS 45-year statistics,0.6452
Jamalpur,Jamalpur,2013-14,2013,1842.0,1059.0,702,1140,,BBS 45-year statistics,0.5749
Jamalpur,Jamalpur,2014-15,2014,3562.0,2530.0,759,2803,,BBS 45-year statistics,0.7103
Jamalpur,Jamalpur,2015-16,2015,4988.0,3392.0,1703.0,3285.0,,BBS district estimates 2015-16 to 2025-26,0.68
Jamalpur,Jamalpur,2016-17,2016,4589.0,3347.0,1014.0,3575.0,,BBS district estimates 2015-16 to 2025-26,0.7294
Jamalpur,Jamalpur.,2017-18,2017,4374.0,3443.0,1564.0,2810.0,,BBS district estimates 2015-16 to 2025-26,0.7872
Jamalpur,Jamalpur.,2018-19,2018,6545.0,6174.0,1326.0,5219.0,,BBS district estimates 2015-16 to 2025-26,0.9433
Jamalpur,Jamalpur.,2019-20,2019,4290.0,3924.0,334.0,3956.0,,BBS district estimates 2015-16 to 2025-26,0.9147
Jamalpur,Jamalpur.,2020-21,2020,9975.0,9157.0,224.0,9751.0,,BBS district estimates 2015-16 to 2025-26,0.918
Jamalpur,Jamalpur.,2021-22,2021,9300.0,8367.0,209.0,9091.0,,BBS district estimates 2015-16 to 2025-26,0.8997
Jamalpur,Jamalpur.,2022-23,2022,9032.0,8207.0,181.0,8851.0,,BBS district estimates 2015-16 to 2025-26,0.9087
Jamalpur,Jamalpur.,2023-24,2023,9428.0,11727.0,131.0,9030.0,267.0,BBS district estimates 2015-16 to 2025-26,1.2438
Jamalpur,Jamalpur.,2024-25,2024,12606.0,15313.0,122.0,12140.0,344.0,BBS district estimates 2015-16 to 2025-26,1.2147
Jamalpur,Jamalpur.,2025-26,2025,6361.0,6194.0,86.0,6040.0,235.0,BBS district estimates 2015-16 to 2025-26,0.9737
Jessore,Jessore,2006-07,2006,72520.0,75625.0,4780,67740,,BBS 45-year statistics,1.0428
Jessore,Jessore,2007-08,2007,86660.0,80571.0,2590,84070,,BBS 45-year statistics,0.9297
Jessore,Jessore,2008-09,2008,99345.0,93031.0,3140,96205,,BBS 45-year statistics,0.9364
Jessore,Jessore,2009-10,2009,80943.0,71742.0,4281,76662,,BBS 45-year statistics,0.8863
Jessore,Jessore,2010-11,2010,110794.0,106195.0,6813,103981,,BBS 45-year statistics,0.9585
Jessore,Jessore,2011-12,2011,107093.0,106649.0,4816,102277,,BBS 45-year statistics,0.9959
Jessore,Jessore,2012-13,2012,150043.0,111964.0,71236,78807,,BBS 45-year statistics,0.7462
Jessore,Jessore,2013-14,2013,149043.0,105251.0,60781,88262,,BBS 45-year statistics,0.7062
Jessore,Jessore,2014-15,2014,84690.0,96397.0,1588,83102,,BBS 45-year statistics,1.1382
Jessore,Jashore,2015-16,2015,69092.0,78144.0,0.0,69092.0,,BBS district estimates 2015-16 to 2025-26,1.131
Jessore,Jashore,2016-17,2016,45692.0,51160.0,322.0,45370.0,,BBS district estimates 2015-16 to 2025-26,1.1197
Jessore,Jashore,2017-18,2017,50658.0,53009.0,161.0,50497.0,,BBS district estimates 2015-16 to 2025-26,1.0464
Jessore,Jashore,2018-19,2018,48075.0,49574.0,160.0,47915.0,,BBS district estimates 2015-16 to 2025-26,1.0312
Jessore,Jashore,2019-20,2019,43119.0,52054.0,1438.0,41681.0,,BBS district estimates 2015-16 to 2025-26,1.2072
Jessore,Jashore,2020-21,2020,41981.0,52983.0,37.0,41944.0,,BBS district estimates 2015-16 to 2025-26,1.2621
Jessore,Jashore,2021-22,2021,37305.0,48436.0,46.0,37259.0,,BBS district estimates 2015-16 to 2025-26,1.2984
Jessore,Jashore,2022-23,2022,36404.0,47832.0,0.0,36404.0,,BBS district estimates 2015-16 to 2025-26,1.3139
Jessore,Jashore,2023-24,2023,36390.0,48125.0,0.0,34987.0,1403.0,BBS district estimates 2015-16 to 2025-26,1.3225
Jessore,Jashore,2024-25,2024,36799.0,48150.0,0.0,35756.0,1043.0,BBS district estimates 2015-16 to 2025-26,1.3085
Jessore,Jashore,2025-26,2025,36934.0,46687.0,0.0,35937.0,997.0,BBS district estimates 2015-16 to 2025-26,1.2641
Jhalokati,Jhalakathi,2006-07,2006,53915.0,34461.0,28865,25050,,BBS 45-year statistics,0.6392
Jhalokati,Jhalakathi,2007-08,2007,51570.0,35671.0,30910,20660,,BBS 45-year statistics,0.6917
Jhalokati,Jhalakathi,2008-09,2008,55735.0,40202.0,29820,25915,,BBS 45-year statistics,0.7213
Jhalokati,Jhalakathi,2009-10,2009,51108.0,39107.0,21657,29451,,BBS 45-year statistics,0.7652
Jhalokati,Jhalakathi,2010-11,2010,57781.0,43383.0,23152,34629,,BBS 45-year statistics,0.7508
Jhalokati,Jhalakathi,2011-12,2011,61609.0,44006.0,19243,42366,,BBS 45-year statistics,0.7143
Jhalokati,Jhalakathi,2012-13,2012,52630.0,40919.0,16394,36236,,BBS 45-year statistics,0.7775
Jhalokati,Jhalakathi,2013-14,2013,51019.0,44909.0,13797,37222,,BBS 45-year statistics,0.8802
Jhalokati,Jhalakathi,2014-15,2014,46135.0,36433.0,8832,37303,,BBS 45-year statistics,0.7897
Jhalokati,Jhalakathi,2015-16,2015,39716.0,31272.0,7570.0,32146.0,,BBS district estimates 2015-16 to 2025-26,0.7874
Jhalokati,Jhalakathi,2016-17,2016,31365.0,25136.0,4544.0,26821.0,,BBS district estimates 2015-16 to 2025-26,0.8014
Jhalokati,Jhalakathi,2017-18,2017,33002.0,30595.0,4572.0,28430.0,,BBS district estimates 2015-16 to 2025-26,0.9271
Jhalokati,Jhalakathi,2018-19,2018,34909.0,34279.0,5189.0,29720.0,,BBS district estimates 2015-16 to 2025-26,0.982
Jhalokati,Jhalakathi,2019-20,2019,26600.0,30672.0,3580.0,23020.0,,BBS district estimates 2015-16 to 2025-26,1.1531
Jhalokati,Jhalakathi,2020-21,2020,39679.0,42484.0,3668.0,36010.0,,BBS district estimates 2015-16 to 2025-26,1.0707
Jhalokati,Jhalakathi,2021-22,2021,32944.0,34140.0,2757.0,30187.0,,BBS district estimates 2015-16 to 2025-26,1.0363
Jhalokati,Jhalakathi,2022-23,2022,27012.0,29857.0,2852.0,24160.0,,BBS district estimates 2015-16 to 2025-26,1.1053
Jhalokati,Jhalakathi,2023-24,2023,29444.0,32254.0,3369.0,26075.0,0.0,BBS district estimates 2015-16 to 2025-26,1.0954
Jhalokati,Jhalakathi,2024-25,2024,30779.0,34192.0,3218.0,27567.0,0.0,BBS district estimates 2015-16 to 2025-26,1.1109
Jhalokati,Jhalakathi,2025-26,2025,24098.0,24890.0,1970.0,22128.0,0.0,BBS district estimates 2015-16 to 2025-26,1.0329
Jhenaidah,Jhenaidah,2006-07,2006,31065.0,22234.0,14820,16245,,BBS 45-year statistics,0.7157
Jhenaidah,Jhenaidah,2007-08,2007,42005.0,30906.0,14090,27915,,BBS 45-year statistics,0.7358
Jhenaidah,Jhenaidah,2008-09,2008,56205.0,50131.0,16005,40200,,BBS 45-year statistics,0.8919
Jhenaidah,Jhenaidah,2009-10,2009,66864.0,55054.0,10042,56822,,BBS 45-year statistics,0.8234
Jhenaidah,Jhenaidah,2010-11,2010,59948.0,54958.0,4695,55253,,BBS 45-year statistics,0.9168
Jhenaidah,Jhenaidah,2011-12,2011,64671.0,61597.0,5310,59361,,BBS 45-year statistics,0.9525
Jhenaidah,Jhenaidah,2012-13,2012,106754.0,92321.0,12892,93862,,BBS 45-year statistics,0.8648
Jhenaidah,Jhenaidah,2013-14,2013,104754.0,113110.0,7282,97472,,BBS 45-year statistics,1.0798
Jhenaidah,Jhenaidah,2014-15,2014,52867.0,59845.0,585,52282,,BBS 45-year statistics,1.132
Jhenaidah,Jhenaidah,2015-16,2015,53172.0,63191.0,464.0,52708.0,,BBS district estimates 2015-16 to 2025-26,1.1884
Jhenaidah,Jhenaidah,2016-17,2016,52591.0,62145.0,123.0,52468.0,,BBS district estimates 2015-16 to 2025-26,1.1817
Jhenaidah,Jhenaidah,2017-18,2017,75121.0,77683.0,334.0,74788.0,,BBS district estimates 2015-16 to 2025-26,1.0341
Jhenaidah,Jhenaidah,2018-19,2018,76044.0,81538.0,418.0,75626.0,,BBS district estimates 2015-16 to 2025-26,1.0722
Jhenaidah,Jhenaidah,2019-20,2019,75694.0,93996.0,420.0,75274.0,,BBS district estimates 2015-16 to 2025-26,1.2418
Jhenaidah,Jhenaidah,2020-21,2020,87423.0,106970.0,0.0,87423.0,,BBS district estimates 2015-16 to 2025-26,1.2236
Jhenaidah,Jhenaidah,2021-22,2021,88826.0,112268.0,0.0,88826.0,,BBS district estimates 2015-16 to 2025-26,1.2639
Jhenaidah,Jhenaidah,2022-23,2022,89379.0,118305.0,0.0,89379.0,,BBS district estimates 2015-16 to 2025-26,1.3236
Jhenaidah,Jhenaidah,2023-24,2023,104986.0,138179.0,0.0,98868.0,6118.0,BBS district estimates 2015-16 to 2025-26,1.3162
Jhenaidah,Jhenaidah,2024-25,2024,102751.0,137847.0,0.0,96609.0,6142.0,BBS district estimates 2015-16 to 2025-26,1.3416
Jhenaidah,Jhenaidah,2025-26,2025,101745.0,135585.0,0.0,95978.0,5767.0,BBS district estimates 2015-16 to 2025-26,1.3326
Joypurhat,Joypurhat,2006-07,2006,420.0,321.0,0,420,,BBS 45-year statistics,0.7643
Joypurhat,Joypurhat,2007-08,2007,220.0,155.0,0,220,,BBS 45-year statistics,0.7045
Joypurhat,Joypurhat,2008-09,2008,125.0,95.0,0,125,,BBS 45-year statistics,0.76
Joypurhat,Joypurhat,2009-10,2009,70.0,32.0,0,70,,BBS 45-year statistics,0.4571
Joypurhat,Joypurhat,2010-11,2010,136.0,106.0,0,136,,BBS 45-year statistics,0.7794
Joypurhat,Joypurhat,2011-12,2011,78.0,64.0,0,78,,BBS 45-year statistics,0.8205
Joypurhat,Joypurhat,2012-13,2012,24.0,19.0,0,24,,BBS 45-year statistics,0.7917
Joypurhat,Joypurhat,2013-14,2013,24.0,19.0,0,24,,BBS 45-year statistics,0.7917
Joypurhat,Joypurhat,2014-15,2014,0.0,0.0,0,0,,BBS 45-year statistics,
Joypurhat,Joypurhat,2015-16,2015,116.0,101.0,0.0,116.0,,BBS district estimates 2015-16 to 2025-26,0.8707
Joypurhat,Joypurhat,2016-17,2016,144.0,134.0,0.0,144.0,,BBS district estimates 2015-16 to 2025-26,0.9306
Joypurhat,Joypurhat,2017-18,2017,620.0,710.0,0.0,620.0,,BBS district estimates 2015-16 to 2025-26,1.1452
Joypurhat,Joypurhat,2018-19,2018,423.0,471.0,0.0,423.0,,BBS district estimates 2015-16 to 2025-26,1.1135
Joypurhat,Joypurhat,2019-20,2019,463.0,481.0,0.0,463.0,,BBS district estimates 2015-16 to 2025-26,1.0389
Joypurhat,Joypurhat,2020-21,2020,1038.0,980.0,0.0,1038.0,,BBS district estimates 2015-16 to 2025-26,0.9441
Joypurhat,Joypurhat,2021-22,2021,1045.0,967.0,0.0,1045.0,,BBS district estimates 2015-16 to 2025-26,0.9254
Joypurhat,Joypurhat,2022-23,2022,540.0,597.0,0.0,540.0,,BBS district estimates 2015-16 to 2025-26,1.1056
Joypurhat,Joypurhat,2023-24,2023,548.0,637.0,0.0,491.0,57.0,BBS district estimates 2015-16 to 2025-26,1.1624
Joypurhat,Joypurhat,2024-25,2024,529.0,572.0,0.0,511.0,18.0,BBS district estimates 2015-16 to 2025-26,1.0813
Joypurhat,Joypurhat,2025-26,2025,520.0,391.0,0.0,508.0,12.0,BBS district estimates 2015-16 to 2025-26,0.7519
Khagrachari,Khagrachari,2006-07,2006,6585.0,5111.0,1605,4980,,BBS 45-year statistics,0.7762
Khagrachari,Khagrachari,2007-08,2007,6545.0,5791.0,1385,5160,,BBS 45-year statistics,0.8848
Khagrachari,Khagrachari,2008-09,2008,6440.0,4864.0,1380,5060,,BBS 45-year statistics,0.7553
Khagrachari,Khagrachari,2009-10,2009,5891.0,4382.0,1248,4643,,BBS 45-year statistics,0.7438
Khagrachari,Khagrachari,2010-11,2010,6072.0,4763.0,1580,4492,,BBS 45-year statistics,0.7844
Khagrachari,Khagrachari,2011-12,2011,5961.0,5182.0,1457,4504,,BBS 45-year statistics,0.8693
Khagrachari,Khagrachari,2012-13,2012,6243.0,4943.0,1779,4464,,BBS 45-year statistics,0.7918
Khagrachari,Khagrachari,2013-14,2013,6114.0,4570.0,1738,4376,,BBS 45-year statistics,0.7475
Khagrachari,Khagrachari,2014-15,2014,6406.0,4687.0,2292,4114,,BBS 45-year statistics,0.7317
Khagrachari,Khagrachari,2015-16,2015,5996.0,4559.0,2393.0,3603.0,,BBS district estimates 2015-16 to 2025-26,0.7603
Khagrachari,Khagrachari,2016-17,2016,5794.0,4554.0,2893.0,2901.0,,BBS district estimates 2015-16 to 2025-26,0.786
Khagrachari,Khagrachari,2017-18,2017,10655.0,10071.0,5837.0,4819.0,,BBS district estimates 2015-16 to 2025-26,0.9452
Khagrachari,Khagrachari,2018-19,2018,9952.0,9567.0,5612.0,4340.0,,BBS district estimates 2015-16 to 2025-26,0.9613
Khagrachari,Khagrachari,2019-20,2019,7914.0,7748.0,3949.0,3965.0,,BBS district estimates 2015-16 to 2025-26,0.979
Khagrachari,Khagrachari,2020-21,2020,11154.0,11256.0,4004.0,7149.0,,BBS district estimates 2015-16 to 2025-26,1.0091
Khagrachari,Khagrachari,2021-22,2021,8329.0,6944.0,3940.0,4089.0,,BBS district estimates 2015-16 to 2025-26,0.8337
Khagrachari,Khagrachari,2022-23,2022,7880.0,6789.0,3871.0,4009.0,,BBS district estimates 2015-16 to 2025-26,0.8615
Khagrachari,Khagrachari,2023-24,2023,7341.0,6565.0,3606.0,3676.0,59.0,BBS district estimates 2015-16 to 2025-26,0.8943
Khagrachari,Khagrachari,2024-25,2024,7141.0,6667.0,3419.0,3722.0,0.0,BBS district estimates 2015-16 to 2025-26,0.9336
Khagrachari,Khagrachari,2025-26,2025,7059.0,6489.0,3386.0,3673.0,0.0,BBS district estimates 2015-16 to 2025-26,0.9193
Khulna,Khulna,2006-07,2006,10750.0,5557.0,10050,700,,BBS 45-year statistics,0.5169
Khulna,Khulna,2007-08,2007,13695.0,8060.0,12235,1460,,BBS 45-year statistics,0.5885
Khulna,Khulna,2008-09,2008,18980.0,11594.0,13800,5180,,BBS 45-year statistics,0.6109
Khulna,Khulna,2009-10,2009,14517.0,8320.0,10701,3816,,BBS 45-year statistics,0.5731
Khulna,Khulna,2010-11,2010,13986.0,8569.0,10053,3933,,BBS 45-year statistics,0.6127
Khulna,Khulna,2011-12,2011,17965.0,10584.0,11874,6091,,BBS 45-year statistics,0.5891
Khulna,Khulna,2012-13,2012,20883.0,19150.0,1906,18977,,BBS 45-year statistics,0.917
Khulna,Khulna,2013-14,2013,19414.0,17413.0,2710,16704,,BBS 45-year statistics,0.8969
Khulna,Khulna,2014-15,2014,8392.0,4525.0,6855,1537,,BBS 45-year statistics,0.5392
Khulna,Khulna,2015-16,2015,6833.0,3552.0,5409.0,1424.0,,BBS district estimates 2015-16 to 2025-26,0.5198
Khulna,Khulna,2016-17,2016,7013.0,4035.0,6144.0,869.0,,BBS district estimates 2015-16 to 2025-26,0.5754
Khulna,Khulna,2017-18,2017,8105.0,4776.0,7117.0,988.0,,BBS district estimates 2015-16 to 2025-26,0.5893
Khulna,Khulna,2018-19,2018,6924.0,3974.0,6095.0,829.0,,BBS district estimates 2015-16 to 2025-26,0.5739
Khulna,Khulna,2019-20,2019,9546.0,6677.0,6136.0,3410.0,,BBS district estimates 2015-16 to 2025-26,0.6995
Khulna,Khulna,2020-21,2020,9017.0,4942.0,6913.0,2104.0,,BBS district estimates 2015-16 to 2025-26,0.5481
Khulna,Khulna,2021-22,2021,7680.0,4179.0,6647.0,1033.0,,BBS district estimates 2015-16 to 2025-26,0.5441
Khulna,Khulna,2022-23,2022,8558.0,6322.0,6500.0,2058.0,,BBS district estimates 2015-16 to 2025-26,0.7387
Khulna,Khulna,2023-24,2023,11068.0,8543.0,7943.0,3036.0,89.0,BBS district estimates 2015-16 to 2025-26,0.7719
Khulna,Khulna,2024-25,2024,12207.0,9467.0,8691.0,3424.0,92.0,BBS district estimates 2015-16 to 2025-26,0.7755
Khulna,Khulna,2025-26,2025,12075.0,9301.0,8644.0,3335.0,96.0,BBS district estimates 2015-16 to 2025-26,0.7703
Kishoregong,Kishoregonj,2006-07,2006,44995.0,37659.0,8770,36225,,BBS 45-year statistics,0.837
Kishoregong,Kishoregonj,2007-08,2007,32135.0,25072.0,3015,29120,,BBS 45-year statistics,0.7802
Kishoregong,Kishoregonj,2008-09,2008,40460.0,33845.0,2870,37590,,BBS 45-year statistics,0.8365
Kishoregong,Kishoregonj,2009-10,2009,42450.0,33830.0,1593,40857,,BBS 45-year statistics,0.7969
Kishoregong,Kishoregonj,2010-11,2010,52394.0,41973.0,2454,49940,,BBS 45-year statistics,0.8011
Kishoregong,Kishoregonj,2011-12,2011,52893.0,44564.0,2487,50406,,BBS 45-year statistics,0.8425
Kishoregong,Kishoregonj,2012-13,2012,46128.0,40132.0,975,45153,,BBS 45-year statistics,0.87
Kishoregong,Kishoregonj,2013-14,2013,48461.0,47548.0,1331,47130,,BBS 45-year statistics,0.9812
Kishoregong,Kishoregonj,2014-15,2014,47331.0,45640.0,1151,46180,,BBS 45-year statistics,0.9643
Kishoregong,Kishoregonj,2015-16,2015,58911.0,48583.0,1104.0,57807.0,,BBS district estimates 2015-16 to 2025-26,0.8247
Kishoregong,Kishoregonj,2016-17,2016,52868.0,45890.0,459.0,52409.0,,BBS district estimates 2015-16 to 2025-26,0.868
Kishoregong,Kishoregonj,2017-18,2017,59640.0,65112.0,272.0,59368.0,,BBS district estimates 2015-16 to 2025-26,1.0918
Kishoregong,Kishoregonj,2018-19,2018,32770.0,34193.0,311.0,32459.0,,BBS district estimates 2015-16 to 2025-26,1.0434
Kishoregong,Kishoregonj,2019-20,2019,54364.0,58994.0,37.0,54327.0,,BBS district estimates 2015-16 to 2025-26,1.0852
Kishoregong,Kishoregonj,2020-21,2020,66014.0,69329.0,37.0,65978.0,,BBS district estimates 2015-16 to 2025-26,1.0502
Kishoregong,Kishoregonj,2021-22,2021,63128.0,67140.0,44.0,63084.0,,BBS district estimates 2015-16 to 2025-26,1.0636
Kishoregong,Kishoregonj,2022-23,2022,58507.0,65691.0,89.0,58418.0,,BBS district estimates 2015-16 to 2025-26,1.1228
Kishoregong,Kishoregonj,2023-24,2023,42595.0,50455.0,24.0,40548.0,2023.0,BBS district estimates 2015-16 to 2025-26,1.1845
Kishoregong,Kishoregonj,2024-25,2024,41434.0,49465.0,22.0,39410.0,2002.0,BBS district estimates 2015-16 to 2025-26,1.1938
Kishoregong,Kishoregonj,2025-26,2025,37920.0,44902.0,24.0,35963.0,1933.0,BBS district estimates 2015-16 to 2025-26,1.1841
Kurigram,Kurigram,2006-07,2006,4830.0,2046.0,4455,375,,BBS 45-year statistics,0.4236
Kurigram,Kurigram,2007-08,2007,2340.0,1310.0,1625,715,,BBS 45-year statistics,0.5598
Kurigram,Kurigram,2008-09,2008,895.0,516.0,625,270,,BBS 45-year statistics,0.5765
Kurigram,Kurigram,2009-10,2009,596.0,214.0,440,156,,BBS 45-year statistics,0.3591
Kurigram,Kurigram,2010-11,2010,536.0,286.0,306,230,,BBS 45-year statistics,0.5336
Kurigram,Kurigram,2011-12,2011,538.0,306.0,260,278,,BBS 45-year statistics,0.5688
Kurigram,Kurigram,2012-13,2012,335.0,219.0,125,210,,BBS 45-year statistics,0.6537
Kurigram,Kurigram,2013-14,2013,412.0,248.0,122,290,,BBS 45-year statistics,0.6019
Kurigram,Kurigram,2014-15,2014,2057.0,1621.0,517,1540,,BBS 45-year statistics,0.788
Kurigram,Kurigram,2015-16,2015,4129.0,3033.0,1643.0,2486.0,,BBS district estimates 2015-16 to 2025-26,0.7346
Kurigram,Kurigram,2016-17,2016,3455.0,2966.0,705.0,2750.0,,BBS district estimates 2015-16 to 2025-26,0.8585
Kurigram,Kurigram,2017-18,2017,3608.0,3209.0,1211.0,2397.0,,BBS district estimates 2015-16 to 2025-26,0.8894
Kurigram,Kurigram,2018-19,2018,4018.0,3692.0,1334.0,2684.0,,BBS district estimates 2015-16 to 2025-26,0.9189
Kurigram,Kurigram,2019-20,2019,8914.0,8347.0,25.0,8889.0,,BBS district estimates 2015-16 to 2025-26,0.9364
Kurigram,Kurigram,2020-21,2020,16357.0,13802.0,1695.0,14662.0,,BBS district estimates 2015-16 to 2025-26,0.8438
Kurigram,Kurigram,2021-22,2021,17819.0,18571.0,464.0,17355.0,,BBS district estimates 2015-16 to 2025-26,1.0422
Kurigram,Kurigram,2022-23,2022,14391.0,16064.0,360.0,14031.0,,BBS district estimates 2015-16 to 2025-26,1.1163
Kurigram,Kurigram,2023-24,2023,17019.0,21318.0,0.0,12641.0,4378.0,BBS district estimates 2015-16 to 2025-26,1.2526
Kurigram,Kurigram,2024-25,2024,15872.0,19255.0,0.0,11886.0,3986.0,BBS district estimates 2015-16 to 2025-26,1.2131
Kurigram,Kurigram,2025-26,2025,14669.0,13503.0,0.0,11497.0,3172.0,BBS district estimates 2015-16 to 2025-26,0.9205
Kustia,Khustia,2006-07,2006,58880.0,41294.0,27960,30920,,BBS 45-year statistics,0.7013
Kustia,Khustia,2007-08,2007,67255.0,38256.0,26120,41135,,BBS 45-year statistics,0.5688
Kustia,Khustia,2008-09,2008,88225.0,65995.0,30975,57250,,BBS 45-year statistics,0.748
Kustia,Khustia,2009-10,2009,87106.0,62781.0,28944,58162,,BBS 45-year statistics,0.7207
Kustia,Khustia,2010-11,2010,106143.0,91493.0,28932,77211,,BBS 45-year statistics,0.862
Kustia,Khustia,2011-12,2011,111408.0,104178.0,19664,91744,,BBS 45-year statistics,0.9351
Kustia,Khustia,2012-13,2012,21873.0,18113.0,5670,16203,,BBS 45-year statistics,0.8281
Kustia,Khustia,2013-14,2013,21599.0,18613.0,3379,18220,,BBS 45-year statistics,0.8618
Kustia,Kushtia,2014-15,2014,87950.0,87903.0,15375,72575,,BBS 45-year statistics,0.9995
Kustia,Kushtia,2015-16,2015,72535.0,70397.0,14453.0,58082.0,,BBS district estimates 2015-16 to 2025-26,0.9705
Kustia,Kushtia,2016-17,2016,49332.0,45134.0,13763.0,35569.0,,BBS district estimates 2015-16 to 2025-26,0.9149
Kustia,Kushtia,2017-18,2017,68697.0,70681.0,14471.0,54226.0,,BBS district estimates 2015-16 to 2025-26,1.0289
Kustia,Kushtia,2018-19,2018,74658.0,79165.0,19895.0,54763.0,,BBS district estimates 2015-16 to 2025-26,1.0604
Kustia,Kushtia,2019-20,2019,66222.0,72030.0,10151.0,56071.0,,BBS district estimates 2015-16 to 2025-26,1.0877
Kustia,Kushtia,2020-21,2020,67774.0,79121.0,2983.0,64791.0,,BBS district estimates 2015-16 to 2025-26,1.1674
Kustia,Kushtia,2021-22,2021,67396.0,78586.0,2132.0,65264.0,,BBS district estimates 2015-16 to 2025-26,1.166
Kustia,Kushtia,2022-23,2022,64602.0,76160.0,968.0,63634.0,,BBS district estimates 2015-16 to 2025-26,1.1789
Kustia,Kushtia,2023-24,2023,75377.0,90530.0,815.0,73263.0,1300.0,BBS district estimates 2015-16 to 2025-26,1.201
Kustia,Kushtia,2024-25,2024,70473.0,85017.0,734.0,68581.0,1158.0,BBS district estimates 2015-16 to 2025-26,1.2064
Kustia,Kustia,2025-26,2025,70157.0,81846.0,95.0,69287.0,775.0,BBS district estimates 2015-16 to 2025-26,1.1666
Lakshmipur,Lakshmipur,2006-07,2006,64305.0,45088.0,44945,19360,,BBS 45-year statistics,0.7012
Lakshmipur,Lakshmipur,2007-08,2007,77890.0,47022.0,51890,26000,,BBS 45-year statistics,0.6037
Lakshmipur,Lakshmipur,2008-09,2008,78770.0,49669.0,52370,26400,,BBS 45-year statistics,0.6306
Lakshmipur,Lakshmipur,2009-10,2009,70437.0,44473.0,45227,25210,,BBS 45-year statistics,0.6314
Lakshmipur,Lakshmipur,2010-11,2010,87452.0,56982.0,46709,40743,,BBS 45-year statistics,0.6516
Lakshmipur,Lakshmipur,2011-12,2011,87488.0,61901.0,46088,41400,,BBS 45-year statistics,0.7075
Lakshmipur,Lakshmipur,2012-13,2012,84594.0,62770.0,43889,40705,,BBS 45-year statistics,0.742
Lakshmipur,Lakshmipur,2013-14,2013,82454.0,57894.0,41226,41228,,BBS 45-year statistics,0.7021
Lakshmipur,Lakshmipur,2014-15,2014,80036.0,57799.0,36590,43446,,BBS 45-year statistics,0.7222
Lakshmipur,Lakshmipur,2015-16,2015,69639.0,46849.0,30643.0,38996.0,,BBS district estimates 2015-16 to 2025-26,0.6727
Lakshmipur,Lakshmipur,2016-17,2016,68448.0,47710.0,25347.0,43101.0,,BBS district estimates 2015-16 to 2025-26,0.697
Lakshmipur,Laksmipur,2017-18,2017,69586.0,69747.0,11046.0,58540.0,,BBS district estimates 2015-16 to 2025-26,1.0023
Lakshmipur,Laksmipur,2018-19,2018,68036.0,67283.0,9156.0,58880.0,,BBS district estimates 2015-16 to 2025-26,0.9889
Lakshmipur,Laksmipur,2019-20,2019,44850.0,45051.0,1233.0,43617.0,,BBS district estimates 2015-16 to 2025-26,1.0045
Lakshmipur,Laksmipur,2020-21,2020,80238.0,71060.0,1151.0,78667.0,,BBS district estimates 2015-16 to 2025-26,0.8856
Lakshmipur,Laksmipur,2021-22,2021,65347.0,62330.0,2490.0,62857.0,,BBS district estimates 2015-16 to 2025-26,0.9538
Lakshmipur,Laksmipur,2022-23,2022,51486.0,54045.0,1821.0,49665.0,,BBS district estimates 2015-16 to 2025-26,1.0497
Lakshmipur,Laksmipur,2023-24,2023,41658.0,42601.0,1600.0,40058.0,0.0,BBS district estimates 2015-16 to 2025-26,1.0226
Lakshmipur,Laksmipur,2024-25,2024,34303.0,39972.0,493.0,33810.0,0.0,BBS district estimates 2015-16 to 2025-26,1.1653
Lakshmipur,Laksmipur,2025-26,2025,34037.0,43395.0,1077.0,32910.0,50.0,BBS district estimates 2015-16 to 2025-26,1.2749
Lalmonirhat,Lalmonirhat,2006-07,2006,0.0,0.0,0,0,,BBS 45-year statistics,
Lalmonirhat,Lalmonirhat,2007-08,2007,0.0,0.0,0,0,,BBS 45-year statistics,
Lalmonirhat,Lalmonirhat,2008-09,2008,180.0,154.0,20,160,,BBS 45-year statistics,0.8556
Lalmonirhat,Lalmonirhat,2009-10,2009,0.0,0.0,0,0,,BBS 45-year statistics,
Lalmonirhat,Lalmonirhat,2010-11,2010,0.0,0.0,0,0,,BBS 45-year statistics,
Lalmonirhat,Lalmonirhat,2011-12,2011,0.0,0.0,0,0,,BBS 45-year statistics,
Lalmonirhat,Lalmonirhat,2012-13,2012,0.0,0.0,0,0,,BBS 45-year statistics,
Lalmonirhat,Lalmonirhat,2013-14,2013,0.0,0.0,0,0,,BBS 45-year statistics,
Lalmonirhat,Lalmonirhat,2014-15,2014,0.0,0.0,0,0,,BBS 45-year statistics,
Lalmonirhat,Lalmonirhat,2015-16,2015,11664.0,11538.0,0.0,11664.0,,BBS district estimates 2015-16 to 2025-26,0.9892
Lalmonirhat,Lalmonirhat,2016-17,2016,3110.0,2995.0,0.0,3110.0,,BBS district estimates 2015-16 to 2025-26,0.963
Lalmonirhat,Lalmonirhat,2017-18,2017,12447.0,15033.0,0.0,12447.0,,BBS district estimates 2015-16 to 2025-26,1.2078
Lalmonirhat,Lalmonirhat,2018-19,2018,11990.0,14134.0,0.0,11990.0,,BBS district estimates 2015-16 to 2025-26,1.1788
Lalmonirhat,Lalmonirhat,2019-20,2019,27244.0,27966.0,0.0,27244.0,,BBS district estimates 2015-16 to 2025-26,1.0265
Lalmonirhat,Lalmonirhat,2020-21,2020,27851.0,28204.0,0.0,27851.0,,BBS district estimates 2015-16 to 2025-26,1.0127
Lalmonirhat,Lalmonirhat,2021-22,2021,26594.0,31428.0,0.0,26594.0,,BBS district estimates 2015-16 to 2025-26,1.1818
Lalmonirhat,Lalmonirhat,2022-23,2022,28162.0,33639.0,0.0,28162.0,,BBS district estimates 2015-16 to 2025-26,1.1945
Lalmonirhat,Lalmonirhat,2023-24,2023,28526.0,38141.0,0.0,20260.0,8266.0,BBS district estimates 2015-16 to 2025-26,1.3371
Lalmonirhat,Lalmonirhat,2024-25,2024,28101.0,36964.0,0.0,18301.0,9800.0,BBS district estimates 2015-16 to 2025-26,1.3154
Lalmonirhat,Lalmonirhat,2025-26,2025,24067.0,27248.0,0.0,13860.0,10207.0,BBS district estimates 2015-16 to 2025-26,1.1322
Madaripur,Madaripur,2006-07,2006,20350.0,6707.0,20350,0,,BBS 45-year statistics,0.3296
Madaripur,Madaripur,2007-08,2007,5590.0,2064.0,5590,0,,BBS 45-year statistics,0.3692
Madaripur,Madaripur,2008-09,2008,8535.0,3858.0,8500,35,,BBS 45-year statistics,0.452
Madaripur,Madaripur,2009-10,2009,9877.0,3998.0,9765,112,,BBS 45-year statistics,0.4048
Madaripur,Madaripur,2010-11,2010,6389.0,2317.0,6329,60,,BBS 45-year statistics,0.3627
Madaripur,Madaripur,2011-12,2011,4742.0,1784.0,4559,183,,BBS 45-year statistics,0.3762
Madaripur,Madaripur,2012-13,2012,5394.0,1998.0,5083,311,,BBS 45-year statistics,0.3704
Madaripur,Madaripur,2013-14,2013,5650.0,3341.0,5160,490,,BBS 45-year statistics,0.5913
Madaripur,Madaripur,2014-15,2014,3755.0,2031.0,3327,428,,BBS 45-year statistics,0.5409
Madaripur,Madaripur,2015-16,2015,3486.0,1918.0,2860.0,626.0,,BBS district estimates 2015-16 to 2025-26,0.5502
Madaripur,Madaripur,2016-17,2016,3707.0,2667.0,3208.0,499.0,,BBS district estimates 2015-16 to 2025-26,0.7194
Madaripur,Madaripur,2017-18,2017,3768.0,2171.0,3089.0,680.0,,BBS district estimates 2015-16 to 2025-26,0.5762
Madaripur,Madaripur,2018-19,2018,3465.0,1808.0,2918.0,547.0,,BBS district estimates 2015-16 to 2025-26,0.5218
Madaripur,Madaripur,2019-20,2019,3316.0,2200.0,2195.0,1121.0,,BBS district estimates 2015-16 to 2025-26,0.6634
Madaripur,Madaripur,2020-21,2020,4854.0,3324.0,915.0,3939.0,,BBS district estimates 2015-16 to 2025-26,0.6848
Madaripur,Madaripur,2021-22,2021,3111.0,2319.0,927.0,2184.0,,BBS district estimates 2015-16 to 2025-26,0.7454
Madaripur,Madaripur,2022-23,2022,3112.0,2537.0,840.0,2272.0,,BBS district estimates 2015-16 to 2025-26,0.8152
Madaripur,Madaripur,2023-24,2023,3284.0,2792.0,502.0,2782.0,0.0,BBS district estimates 2015-16 to 2025-26,0.8502
Madaripur,Madaripur,2024-25,2024,2667.0,2325.0,322.0,2345.0,0.0,BBS district estimates 2015-16 to 2025-26,0.8718
Madaripur,Madaripur,2025-26,2025,2317.0,2085.0,270.0,2047.0,0.0,BBS district estimates 2015-16 to 2025-26,0.8999
Magura,Magura,2006-07,2006,13310.0,9135.0,6760,6550,,BBS 45-year statistics,0.6863
Magura,Magura,2007-08,2007,8650.0,5490.0,2740,5910,,BBS 45-year statistics,0.6347
Magura,Magura,2008-09,2008,14940.0,9858.0,4645,10295,,BBS 45-year statistics,0.6598
Magura,Magura,2009-10,2009,16729.0,13751.0,3076,13653,,BBS 45-year statistics,0.822
Magura,Magura,2010-11,2010,29603.0,26635.0,2230,27373,,BBS 45-year statistics,0.8997
Magura,Magura,2011-12,2011,24287.0,28041.0,2730,21557,,BBS 45-year statistics,1.1546
Magura,Magura,2012-13,2012,100933.0,92290.0,3319,97614,,BBS 45-year statistics,0.9144
Magura,Magura,2013-14,2013,97520.0,105021.0,1299,96221,,BBS 45-year statistics,1.0769
Magura,Magura,2014-15,2014,18244.0,14961.0,1972,16272,,BBS 45-year statistics,0.8201
Magura,Magura,2015-16,2015,15692.0,13370.0,2251.0,13441.0,,BBS district estimates 2015-16 to 2025-26,0.852
Magura,Magura,2016-17,2016,9125.0,8273.0,1007.0,8118.0,,BBS district estimates 2015-16 to 2025-26,0.9066
Magura,Magura,2017-18,2017,8179.0,8088.0,642.0,7537.0,,BBS district estimates 2015-16 to 2025-26,0.9889
Magura,Magura,2018-19,2018,6593.0,6296.0,635.0,5958.0,,BBS district estimates 2015-16 to 2025-26,0.955
Magura,Magura,2019-20,2019,7651.0,6709.0,730.0,6921.0,,BBS district estimates 2015-16 to 2025-26,0.8769
Magura,Magura,2020-21,2020,14520.0,12123.0,1043.0,13477.0,,BBS district estimates 2015-16 to 2025-26,0.8349
Magura,Magura,2021-22,2021,12635.0,10352.0,694.0,11941.0,,BBS district estimates 2015-16 to 2025-26,0.8193
Magura,Magura,2022-23,2022,13043.0,10961.0,437.0,12606.0,,BBS district estimates 2015-16 to 2025-26,0.8404
Magura,Magura,2023-24,2023,14593.0,14579.0,639.0,12022.0,1932.0,BBS district estimates 2015-16 to 2025-26,0.999
Magura,Magura,2024-25,2024,15576.0,15989.0,325.0,12915.0,2336.0,BBS district estimates 2015-16 to 2025-26,1.0265
Magura,Magura,2025-26,2025,17102.0,20455.0,534.0,14305.0,2263.0,BBS district estimates 2015-16 to 2025-26,1.1961
Manikganj,Manikgonj,2006-07,2006,6425.0,1090.0,5940,485,,BBS 45-year statistics,0.1696
Manikganj,Manikgonj,2007-08,2007,3375.0,661.0,3220,155,,BBS 45-year statistics,0.1959
Manikganj,Manikgonj,2008-09,2008,1025.0,228.0,815,210,,BBS 45-year statistics,0.2224
Manikganj,Manikgonj,2009-10,2009,874.0,244.0,738,136,,BBS 45-year statistics,0.2792
Manikganj,Manikgonj,2010-11,2010,785.0,220.0,528,257,,BBS 45-year statistics,0.2803
Manikganj,Manikgonj,2011-12,2011,954.0,463.0,318,636,,BBS 45-year statistics,0.4853
Manikganj,Manikgonj,2012-13,2012,803.0,359.0,295,508,,BBS 45-year statistics,0.4471
Manikganj,Manikgonj,2013-14,2013,1158.0,960.0,285,873,,BBS 45-year statistics,0.829
Manikganj,Manikgonj,2014-15,2014,1977.0,1622.0,484,1493,,BBS 45-year statistics,0.8204
Manikganj,Manikgonj,2015-16,2015,2039.0,1713.0,398.0,1641.0,,BBS district estimates 2015-16 to 2025-26,0.8401
Manikganj,Manikgonj,2016-17,2016,1452.0,1251.0,200.0,1252.0,,BBS district estimates 2015-16 to 2025-26,0.8616
Manikganj,Manikgonj,2017-18,2017,3514.0,2519.0,2004.0,1510.0,,BBS district estimates 2015-16 to 2025-26,0.7168
Manikganj,Manikgonj,2018-19,2018,4529.0,3153.0,2495.0,2034.0,,BBS district estimates 2015-16 to 2025-26,0.6962
Manikganj,Manikgonj,2019-20,2019,5951.0,3997.0,2794.0,3157.0,,BBS district estimates 2015-16 to 2025-26,0.6717
Manikganj,Manikgonj,2020-21,2020,8158.0,6967.0,1134.0,7024.0,,BBS district estimates 2015-16 to 2025-26,0.854
Manikganj,Manikgonj,2021-22,2021,7193.0,6942.0,820.0,6373.0,,BBS district estimates 2015-16 to 2025-26,0.9651
Manikganj,Manikgonj,2022-23,2022,7198.0,7527.0,946.0,6252.0,,BBS district estimates 2015-16 to 2025-26,1.0457
Manikganj,Manikgonj,2023-24,2023,8464.0,8969.0,957.0,7230.0,277.0,BBS district estimates 2015-16 to 2025-26,1.0597
Manikganj,Manikgonj,2024-25,2024,8092.0,8511.0,776.0,7076.0,240.0,BBS district estimates 2015-16 to 2025-26,1.0518
Manikganj,Manikgonj,2025-26,2025,9058.0,10081.0,706.0,8138.0,214.0,BBS district estimates 2015-16 to 2025-26,1.1129
Maulvibazar,Maulavibazar,2006-07,2006,53980.0,42444.0,13350,40630,,BBS 45-year statistics,0.7863
Maulvibazar,Maulavibazar,2007-08,2007,58785.0,46604.0,10200,48585,,BBS 45-year statistics,0.7928
Maulvibazar,Maulavibazar,2008-09,2008,46570.0,37638.0,9570,37000,,BBS 45-year statistics,0.8082
Maulvibazar,Maulavibazar,2009-10,2009,44378.0,39324.0,5553,38825,,BBS 45-year statistics,0.8861
Maulvibazar,Maulavibazar,2010-11,2010,69243.0,59875.0,17802,51441,,BBS 45-year statistics,0.8647
Maulvibazar,Maulavibazar,2011-12,2011,58017.0,58390.0,5759,52258,,BBS 45-year statistics,1.0064
Maulvibazar,Maulavibazar,2012-13,2012,66940.0,64335.0,4720,62220,,BBS 45-year statistics,0.9611
Maulvibazar,Maulavibazar,2013-14,2013,69615.0,75584.0,4615,65000,,BBS 45-year statistics,1.0857
Maulvibazar,Maulavibazar,2014-15,2014,76890.0,81801.0,3320,73570,,BBS 45-year statistics,1.0639
Maulvibazar,Maulavibazar,2015-16,2015,92268.0,102602.0,3984.0,88284.0,,BBS district estimates 2015-16 to 2025-26,1.112
Maulvibazar,Maulavibazar,2016-17,2016,99968.0,112836.0,425.0,99543.0,,BBS district estimates 2015-16 to 2025-26,1.1287
Maulvibazar,Maulovibazar,2017-18,2017,113120.0,118875.0,502.0,112618.0,,BBS district estimates 2015-16 to 2025-26,1.0509
Maulvibazar,Maulovibazar,2018-19,2018,140169.0,153990.0,1722.0,138447.0,,BBS district estimates 2015-16 to 2025-26,1.0986
Maulvibazar,Maulovibazar,2019-20,2019,138985.0,169741.0,500.0,138485.0,,BBS district estimates 2015-16 to 2025-26,1.2213
Maulvibazar,Maulovibazar,2020-21,2020,129959.0,157404.0,450.0,129509.0,,BBS district estimates 2015-16 to 2025-26,1.2112
Maulvibazar,Maulovibazar,2021-22,2021,117337.0,135557.0,433.0,116904.0,,BBS district estimates 2015-16 to 2025-26,1.1553
Maulvibazar,Maulovibazar,2022-23,2022,103726.0,124606.0,433.0,103428.0,,BBS district estimates 2015-16 to 2025-26,1.2013
Maulvibazar,Maulovibazar,2023-24,2023,53096.0,65001.0,266.0,52669.0,161.0,BBS district estimates 2015-16 to 2025-26,1.2242
Maulvibazar,Maulovibazar,2024-25,2024,73508.0,88333.0,149.0,73227.0,132.0,BBS district estimates 2015-16 to 2025-26,1.2017
Maulvibazar,Maulovibazar,2025-26,2025,90190.0,111596.0,312.0,89790.0,88.0,BBS district estimates 2015-16 to 2025-26,1.2373
Meherpur,Meherpur,2006-07,2006,9390.0,6985.0,4440,4950,,BBS 45-year statistics,0.7439
Meherpur,Meherpur,2007-08,2007,9785.0,6720.0,4975,4810,,BBS 45-year statistics,0.6868
Meherpur,Meherpur,2008-09,2008,12165.0,8294.0,5005,7160,,BBS 45-year statistics,0.6818
Meherpur,Meherpur,2009-10,2009,16402.0,12770.0,3767,12635,,BBS 45-year statistics,0.7786
Meherpur,Meherpur,2010-11,2010,13658.0,12310.0,2543,11115,,BBS 45-year statistics,0.9013
Meherpur,Meherpur,2011-12,2011,17907.0,19436.0,1815,16092,,BBS 45-year statistics,1.0854
Meherpur,Meherpur,2012-13,2012,97202.0,84560.0,20326,76876,,BBS 45-year statistics,0.8699
Meherpur,Meherpur,2013-14,2013,91970.0,92602.0,17845,74125,,BBS 45-year statistics,1.0069
Meherpur,Meherpur,2014-15,2014,20979.0,25465.0,112,20867,,BBS 45-year statistics,1.2138
Meherpur,Meherpur,2015-16,2015,22180.0,26875.0,50.0,22130.0,,BBS district estimates 2015-16 to 2025-26,1.2117
Meherpur,Meherpur,2016-17,2016,22130.0,28829.0,0.0,22130.0,,BBS district estimates 2015-16 to 2025-26,1.3027
Meherpur,Meherpur,2017-18,2017,37561.0,42944.0,0.0,37561.0,,BBS district estimates 2015-16 to 2025-26,1.1433
Meherpur,Meherpur,2018-19,2018,35138.0,42168.0,0.0,35138.0,,BBS district estimates 2015-16 to 2025-26,1.2001
Meherpur,Meherpur,2019-20,2019,37820.0,47928.0,0.0,37820.0,,BBS district estimates 2015-16 to 2025-26,1.2673
Meherpur,Meherpur,2020-21,2020,51464.0,64047.0,0.0,51464.0,,BBS district estimates 2015-16 to 2025-26,1.2445
Meherpur,Meherpur,2021-22,2021,48761.0,40898.0,0.0,48761.0,,BBS district estimates 2015-16 to 2025-26,0.8387
Meherpur,Meherpur,2022-23,2022,49866.0,51616.0,0.0,49866.0,,BBS district estimates 2015-16 to 2025-26,1.0351
Meherpur,Meherpur,2023-24,2023,48705.0,61882.0,0.0,39090.0,9615.0,BBS district estimates 2015-16 to 2025-26,1.2705
Meherpur,Meherpur,2024-25,2024,48531.0,60695.0,0.0,41718.0,6813.0,BBS district estimates 2015-16 to 2025-26,1.2506
Meherpur,Meherpur,2025-26,2025,49499.0,62490.0,0.0,42487.0,7012.0,BBS district estimates 2015-16 to 2025-26,1.2624
Monshiganj,Munshigonj,2006-07,2006,8015.0,2668.0,7630,385,,BBS 45-year statistics,0.3329
Monshiganj,Munshigonj,2007-08,2007,5970.0,2582.0,3895,2075,,BBS 45-year statistics,0.4325
Monshiganj,Munshigonj,2008-09,2008,3085.0,1319.0,2105,980,,BBS 45-year statistics,0.4276
Monshiganj,Munshigonj,2009-10,2009,3553.0,2676.0,1795,1758,,BBS 45-year statistics,0.7532
Monshiganj,Munshigonj,2010-11,2010,1458.0,684.0,612,846,,BBS 45-year statistics,0.4691
Monshiganj,Munshigonj,2011-12,2011,1304.0,713.0,530,774,,BBS 45-year statistics,0.5468
Monshiganj,Munshigonj,2012-13,2012,1587.0,1187.0,334,1253,,BBS 45-year statistics,0.748
Monshiganj,Munshigonj,2013-14,2013,1550.0,1418.0,369,1181,,BBS 45-year statistics,0.9148
Monshiganj,Munsigonj,2014-15,2014,865.0,821.0,163,702,,BBS 45-year statistics,0.9491
Monshiganj,Munsigonj,2015-16,2015,949.0,955.0,136.0,813.0,,BBS district estimates 2015-16 to 2025-26,1.0063
Monshiganj,Munsigonj,2016-17,2016,331.0,317.0,10.0,321.0,,BBS district estimates 2015-16 to 2025-26,0.9577
Monshiganj,Munsigonj,2017-18,2017,232.0,240.0,12.0,220.0,,BBS district estimates 2015-16 to 2025-26,1.0345
Monshiganj,Munsigonj,2018-19,2018,306.0,351.0,22.0,284.0,,BBS district estimates 2015-16 to 2025-26,1.1471
Monshiganj,Munsigonj,2019-20,2019,453.0,454.0,15.0,438.0,,BBS district estimates 2015-16 to 2025-26,1.0022
Monshiganj,Munsigonj,2020-21,2020,447.0,401.0,15.0,432.0,,BBS district estimates 2015-16 to 2025-26,0.8971
Monshiganj,Munsigonj,2021-22,2021,411.0,443.0,4.0,407.0,,BBS district estimates 2015-16 to 2025-26,1.0779
Monshiganj,Munsigonj,2022-23,2022,435.0,420.0,0.0,435.0,,BBS district estimates 2015-16 to 2025-26,0.9655
Monshiganj,Munsigonj,2023-24,2023,736.0,645.0,0.0,736.0,0.0,BBS district estimates 2015-16 to 2025-26,0.8764
Monshiganj,Munsigonj,2024-25,2024,749.0,653.0,0.0,749.0,0.0,BBS district estimates 2015-16 to 2025-26,0.8718
Monshiganj,Munsigonj,2025-26,2025,915.0,812.0,0.0,915.0,0.0,BBS district estimates 2015-16 to 2025-26,0.8874
Mymensingh,Mymenshing,2006-07,2006,131785.0,91233.0,13170,118615,,BBS 45-year statistics,0.6923
Mymensingh,Mymenshing,2007-08,2007,127325.0,88198.0,6085,121240,,BBS 45-year statistics,0.6927
Mymensingh,Mymenshing,2008-09,2008,147495.0,106457.0,3420,144075,,BBS 45-year statistics,0.7218
Mymensingh,Mymenshing,2009-10,2009,123129.0,71548.0,2778,120351,,BBS 45-year statistics,0.5811
Mymensingh,Mymenshing,2010-11,2010,139151.0,103901.0,2199,136952,,BBS 45-year statistics,0.7467
Mymensingh,Mymenshing,2011-12,2011,133521.0,108383.0,1813,131708,,BBS 45-year statistics,0.8117
Mymensingh,Mymenshing,2012-13,2012,96697.0,75085.0,1482,95215,,BBS 45-year statistics,0.7765
Mymensingh,Mymenshing,2013-14,2013,75564.0,63482.0,395,75169,,BBS 45-year statistics,0.8401
Mymensingh,Mymenshing,2014-15,2014,65658.0,62928.0,145,65513,,BBS 45-year statistics,0.9584
Mymensingh,Mymenshing,2015-16,2015,57548.0,57140.0,0.0,57548.0,,BBS district estimates 2015-16 to 2025-26,0.9929
Mymensingh,Mymenshing,2016-17,2016,51764.0,51783.0,0.0,51764.0,,BBS district estimates 2015-16 to 2025-26,1.0004
Mymensingh,Mymensingh,2017-18,2017,41085.0,46998.0,86.0,40998.0,,BBS district estimates 2015-16 to 2025-26,1.1439
Mymensingh,Mymensingh,2018-19,2018,38610.0,41708.0,72.0,38538.0,,BBS district estimates 2015-16 to 2025-26,1.0802
Mymensingh,Mymensingh,2019-20,2019,34571.0,34338.0,0.0,34571.0,,BBS district estimates 2015-16 to 2025-26,0.9933
Mymensingh,Mymensingh,2020-21,2020,58364.0,54574.0,0.0,58364.0,,BBS district estimates 2015-16 to 2025-26,0.9351
Mymensingh,Mymensingh,2021-22,2021,47650.0,53022.0,0.0,47650.0,,BBS district estimates 2015-16 to 2025-26,1.1127
Mymensingh,Mymensingh,2022-23,2022,46783.0,52563.0,0.0,46783.0,,BBS district estimates 2015-16 to 2025-26,1.1235
Mymensingh,Mymensingh,2023-24,2023,43857.0,51568.0,0.0,43874.0,0.0,BBS district estimates 2015-16 to 2025-26,1.1758
Mymensingh,Mymensingh,2024-25,2024,43806.0,49856.0,0.0,43806.0,0.0,BBS district estimates 2015-16 to 2025-26,1.1381
Mymensingh,Mymensingh,2025-26,2025,43842.0,43940.0,0.0,43842.0,0.0,BBS district estimates 2015-16 to 2025-26,1.0022
Naogaon,Noagaon,2006-07,2006,52895.0,45572.0,40,52855,,BBS 45-year statistics,0.8616
Naogaon,Noagaon,2007-08,2007,72605.0,65714.0,15,72590,,BBS 45-year statistics,0.9051
Naogaon,Noagaon,2008-09,2008,85715.0,80586.0,20,85695,,BBS 45-year statistics,0.9402
Naogaon,Noagaon,2009-10,2009,75283.0,55776.0,16,75267,,BBS 45-year statistics,0.7409
Naogaon,Noagaon,2010-11,2010,135378.0,136237.0,0,135378,,BBS 45-year statistics,1.0063
Naogaon,Noagaon,2011-12,2011,137516.0,117474.0,0,137516,,BBS 45-year statistics,0.8543
Naogaon,Noagaon,2012-13,2012,11891.0,10333.0,0,11891,,BBS 45-year statistics,0.869
Naogaon,Noagaon,2013-14,2013,9484.0,8411.0,0,9484,,BBS 45-year statistics,0.8869
Naogaon,Noagaon,2014-15,2014,127603.0,144321.0,0,127603,,BBS 45-year statistics,1.131
Naogaon,Noagaon,2015-16,2015,127185.0,138626.0,0.0,127185.0,,BBS district estimates 2015-16 to 2025-26,1.09
Naogaon,Noagaon,2016-17,2016,127376.0,139738.0,0.0,127376.0,,BBS district estimates 2015-16 to 2025-26,1.0971
Naogaon,Naogaon,2017-18,2017,146264.0,177988.0,0.0,146264.0,,BBS district estimates 2015-16 to 2025-26,1.2169
Naogaon,Naogaon,2018-19,2018,152254.0,179648.0,0.0,152254.0,,BBS district estimates 2015-16 to 2025-26,1.1799
Naogaon,Naogaon,2019-20,2019,152617.0,178708.0,0.0,152617.0,,BBS district estimates 2015-16 to 2025-26,1.171
Naogaon,Naogaon,2020-21,2020,158927.0,171272.0,879.0,158048.0,,BBS district estimates 2015-16 to 2025-26,1.0777
Naogaon,Naogaon,2021-22,2021,164064.0,195779.0,256.0,163808.0,,BBS district estimates 2015-16 to 2025-26,1.1933
Naogaon,Naogaon,2022-23,2022,136971.0,169744.0,0.0,136971.0,,BBS district estimates 2015-16 to 2025-26,1.2393
Naogaon,Naogaon,2023-24,2023,142595.0,176146.0,0.0,141502.0,1093.0,BBS district estimates 2015-16 to 2025-26,1.2353
Naogaon,Naogaon,2024-25,2024,143696.0,178873.0,0.0,142489.0,1207.0,BBS district estimates 2015-16 to 2025-26,1.2448
Naogaon,Naogaon,2025-26,2025,144287.0,177102.0,0.0,143191.0,1096.0,BBS district estimates 2015-16 to 2025-26,1.2274
Narail,Narail,2006-07,2006,20925.0,9708.0,19580,1345,,BBS 45-year statistics,0.4639
Narail,Narail,2007-08,2007,18520.0,8803.0,15660,2860,,BBS 45-year statistics,0.4753
Narail,Narail,2008-09,2008,20325.0,10123.0,16590,3735,,BBS 45-year statistics,0.4981
Narail,Narail,2009-10,2009,16998.0,8603.0,15410,1588,,BBS 45-year statistics,0.5061
Narail,Narail,2010-11,2010,12053.0,5859.0,9368,2685,,BBS 45-year statistics,0.4861
Narail,Narail,2011-12,2011,12742.0,6182.0,9911,2831,,BBS 45-year statistics,0.4852
Narail,Narail,2012-13,2012,53156.0,51147.0,1627,51529,,BBS 45-year statistics,0.9622
Narail,Narail,2013-14,2013,52767.0,61503.0,997,51770,,BBS 45-year statistics,1.1656
Narail,Narail,2014-15,2014,11430.0,6880.0,8236,3194,,BBS 45-year statistics,0.6019
Narail,Narail,2015-16,2015,14315.0,8229.0,11431.0,2884.0,,BBS district estimates 2015-16 to 2025-26,0.5749
Narail,Narail,2016-17,2016,12273.0,7948.0,8970.0,3303.0,,BBS district estimates 2015-16 to 2025-26,0.6476
Narail,Narail,2017-18,2017,13490.0,9696.0,8772.0,4717.0,,BBS district estimates 2015-16 to 2025-26,0.7188
Narail,Narail,2018-19,2018,13374.0,9619.0,8315.0,5059.0,,BBS district estimates 2015-16 to 2025-26,0.7192
Narail,Narail,2019-20,2019,15868.0,10636.0,12285.0,3583.0,,BBS district estimates 2015-16 to 2025-26,0.6703
Narail,Narail,2020-21,2020,22828.0,19174.0,12915.0,9913.0,,BBS district estimates 2015-16 to 2025-26,0.8399
Narail,Narail,2021-22,2021,18252.0,13805.0,11739.0,6513.0,,BBS district estimates 2015-16 to 2025-26,0.7564
Narail,Narail,2022-23,2022,19789.0,16772.0,9650.0,10139.0,,BBS district estimates 2015-16 to 2025-26,0.8475
Narail,Narail,2023-24,2023,22042.0,20428.0,10412.0,10147.0,1483.0,BBS district estimates 2015-16 to 2025-26,0.9268
Narail,Narail,2024-25,2024,22152.0,20973.0,9139.0,11821.0,1192.0,BBS district estimates 2015-16 to 2025-26,0.9468
Narail,Narail,2025-26,2025,22036.0,21738.0,9050.0,11733.0,1253.0,BBS district estimates 2015-16 to 2025-26,0.9865
Narayanganj,Narayangonj,2006-07,2006,1490.0,774.0,590,900,,BBS 45-year statistics,0.5195
Narayanganj,Narayangonj,2007-08,2007,2570.0,1617.0,540,2030,,BBS 45-year statistics,0.6292
Narayanganj,Narayangonj,2008-09,2008,2525.0,1591.0,595,1930,,BBS 45-year statistics,0.6301
Narayanganj,Narayangonj,2009-10,2009,1947.0,2220.0,365,1582,,BBS 45-year statistics,1.1402
Narayanganj,Narayangonj,2010-11,2010,1195.0,1003.0,278,917,,BBS 45-year statistics,0.8393
Narayanganj,Narayangonj,2011-12,2011,523.0,383.0,94,429,,BBS 45-year statistics,0.7323
Narayanganj,Narayangonj,2012-13,2012,440.0,328.0,66,374,,BBS 45-year statistics,0.7455
Narayanganj,Narayangonj,2013-14,2013,370.0,344.0,62,308,,BBS 45-year statistics,0.9297
Narayanganj,Narayangonj,2014-15,2014,51.0,49.0,0,51,,BBS 45-year statistics,0.9608
Narayanganj,Narayangonj,2015-16,2015,378.0,327.0,4.0,374.0,,BBS district estimates 2015-16 to 2025-26,0.8651
Narayanganj,Narayangonj,2016-17,2016,323.0,288.0,3.0,320.0,,BBS district estimates 2015-16 to 2025-26,0.8916
Narayanganj,Narayanganj,2017-18,2017,1705.0,1829.0,0.0,1705.0,,BBS district estimates 2015-16 to 2025-26,1.0727
Narayanganj,Narayanganj,2018-19,2018,2965.0,1707.0,1426.0,1539.0,,BBS district estimates 2015-16 to 2025-26,0.5757
Narayanganj,Narayanganj,2019-20,2019,4608.0,4484.0,70.0,4538.0,,BBS district estimates 2015-16 to 2025-26,0.9731
Narayanganj,Narayanganj,2020-21,2020,6054.0,5646.0,22.0,6032.0,,BBS district estimates 2015-16 to 2025-26,0.9326
Narayanganj,Narayanganj,2021-22,2021,4474.0,3706.0,59.0,4416.0,,BBS district estimates 2015-16 to 2025-26,0.8283
Narayanganj,Narayanganj,2022-23,2022,4662.0,3985.0,0.0,4662.0,,BBS district estimates 2015-16 to 2025-26,0.8548
Narayanganj,Narayanganj,2023-24,2023,5049.0,4497.0,0.0,5049.0,0.0,BBS district estimates 2015-16 to 2025-26,0.8907
Narayanganj,Narayanganj,2024-25,2024,4908.0,4417.0,0.0,4908.0,0.0,BBS district estimates 2015-16 to 2025-26,0.9
Narayanganj,Naryangonj,2025-26,2025,4957.0,4457.0,0.0,4957.0,0.0,BBS district estimates 2015-16 to 2025-26,0.8991
Narsingdi,Narsingdi,2006-07,2006,1605.0,531.0,1245,360,,BBS 45-year statistics,0.3308
Narsingdi,Narsingdi,2007-08,2007,1085.0,484.0,145,940,,BBS 45-year statistics,0.4461
Narsingdi,Narsingdi,2008-09,2008,1050.0,530.0,50,1000,,BBS 45-year statistics,0.5048
Narsingdi,Narsingdi,2009-10,2009,1022.0,516.0,52,970,,BBS 45-year statistics,0.5049
Narsingdi,Narsingdi,2010-11,2010,1012.0,517.0,52,960,,BBS 45-year statistics,0.5109
Narsingdi,Narsingdi,2011-12,2011,818.0,609.0,48,770,,BBS 45-year statistics,0.7445
Narsingdi,Narsingdi,2012-13,2012,648.0,493.0,12,636,,BBS 45-year statistics,0.7608
Narsingdi,Narsingdi,2013-14,2013,664.0,419.0,16,648,,BBS 45-year statistics,0.631
Narsingdi,Narsingdi,2014-15,2014,739.0,474.0,31,708,,BBS 45-year statistics,0.6414
Narsingdi,Narsingdi,2015-16,2015,342.0,206.0,0.0,342.0,,BBS district estimates 2015-16 to 2025-26,0.6023
Narsingdi,Narsingdi,2016-17,2016,698.0,565.0,0.0,698.0,,BBS district estimates 2015-16 to 2025-26,0.8095
Narsingdi,Narsingdi,2017-18,2017,818.0,820.0,12.0,806.0,,BBS district estimates 2015-16 to 2025-26,1.0024
Narsingdi,Narsingdi,2018-19,2018,1174.0,1281.0,11.0,1163.0,,BBS district estimates 2015-16 to 2025-26,1.0911
Narsingdi,Narsingdi,2019-20,2019,1858.0,1939.0,0.0,1858.0,,BBS district estimates 2015-16 to 2025-26,1.0436
Narsingdi,Narsingdi,2020-21,2020,3735.0,4071.0,0.0,3735.0,,BBS district estimates 2015-16 to 2025-26,1.09
Narsingdi,Narsingdi,2021-22,2021,2562.0,2710.0,0.0,2562.0,,BBS district estimates 2015-16 to 2025-26,1.0578
Narsingdi,Narsingdi,2022-23,2022,2760.0,2964.0,0.0,2760.0,,BBS district estimates 2015-16 to 2025-26,1.0739
Narsingdi,Narsingdi,2023-24,2023,3055.0,3318.0,0.0,2856.0,199.0,BBS district estimates 2015-16 to 2025-26,1.0861
Narsingdi,Narsingdi,2024-25,2024,3106.0,3249.0,0.0,2905.0,201.0,BBS district estimates 2015-16 to 2025-26,1.046
Narsingdi,Narsingdi,2025-26,2025,2994.0,3109.0,0.0,2809.0,185.0,BBS district estimates 2015-16 to 2025-26,1.0384
Natore,Natore,2006-07,2006,19975.0,11140.0,12440,7535,,BBS 45-year statistics,0.5577
Natore,Natore,2007-08,2007,22360.0,11419.0,15250,7110,,BBS 45-year statistics,0.5107
Natore,Natore,2008-09,2008,27120.0,16321.0,13525,13595,,BBS 45-year statistics,0.6018
Natore,Natore,2009-10,2009,21774.0,11795.0,10123,11651,,BBS 45-year statistics,0.5417
Natore,Natore,2010-11,2010,27399.0,16963.0,7700,19699,,BBS 45-year statistics,0.6191
Natore,Natore,2011-12,2011,26101.0,21442.0,5727,20374,,BBS 45-year statistics,0.8215
Natore,Natore,2012-13,2012,4499.0,3916.0,0,4499,,BBS 45-year statistics,0.8704
Natore,Natore,2013-14,2013,3377.0,3353.0,0,3377,,BBS 45-year statistics,0.9929
Natore,Natore,2014-15,2014,19096.0,16122.0,2941,16155,,BBS 45-year statistics,0.8443
Natore,Natore,2015-16,2015,12561.0,10861.0,1558.0,11003.0,,BBS district estimates 2015-16 to 2025-26,0.8647
Natore,Natore,2016-17,2016,12254.0,10885.0,2154.0,10100.0,,BBS district estimates 2015-16 to 2025-26,0.8883
Natore,Natore,2017-18,2017,16939.0,18512.0,1260.0,15679.0,,BBS district estimates 2015-16 to 2025-26,1.0929
Natore,Natore,2018-19,2018,18306.0,18043.0,2100.0,16206.0,,BBS district estimates 2015-16 to 2025-26,0.9856
Natore,Natore,2019-20,2019,20621.0,22475.0,704.0,19917.0,,BBS district estimates 2015-16 to 2025-26,1.0899
Natore,Natore,2020-21,2020,24015.0,27651.0,688.0,23327.0,,BBS district estimates 2015-16 to 2025-26,1.1514
Natore,Natore,2021-22,2021,21822.0,23255.0,267.0,21555.0,,BBS district estimates 2015-16 to 2025-26,1.0657
Natore,Natore,2022-23,2022,23025.0,25852.0,172.0,22853.0,,BBS district estimates 2015-16 to 2025-26,1.1228
Natore,Natore,2023-24,2023,25391.0,31002.0,480.0,24832.0,79.0,BBS district estimates 2015-16 to 2025-26,1.221
Natore,Natore,2024-25,2024,23908.0,30281.0,409.0,23499.0,0.0,BBS district estimates 2015-16 to 2025-26,1.2666
Natore,Natore,2025-26,2025,23187.0,28509.0,370.0,22817.0,0.0,BBS district estimates 2015-16 to 2025-26,1.2295
Netrokona,Netrokona,2006-07,2006,15740.0,11522.0,6550,9190,,BBS 45-year statistics,0.732
Netrokona,Netrokona,2007-08,2007,11475.0,8082.0,3540,7935,,BBS 45-year statistics,0.7043
Netrokona,Netrokona,2008-09,2008,10925.0,6613.0,2615,8310,,BBS 45-year statistics,0.6053
Netrokona,Netrokona,2009-10,2009,5086.0,2785.0,1737,3349,,BBS 45-year statistics,0.5476
Netrokona,Netrokona,2010-11,2010,4542.0,3468.0,1466,3076,,BBS 45-year statistics,0.7635
Netrokona,Netrokona,2011-12,2011,2285.0,1598.0,638,1647,,BBS 45-year statistics,0.6993
Netrokona,Netrokona,2012-13,2012,1767.0,1418.0,214,1553,,BBS 45-year statistics,0.8025
Netrokona,Netrokona,2013-14,2013,1804.0,1253.0,230,1574,,BBS 45-year statistics,0.6946
Netrokona,Netrokona,2014-15,2014,532.0,330.0,81,451,,BBS 45-year statistics,0.6203
Netrokona,Netrokona,2015-16,2015,661.0,439.0,250.0,411.0,,BBS district estimates 2015-16 to 2025-26,0.6641
Netrokona,Netrokona,2016-17,2016,488.0,395.0,183.0,305.0,,BBS district estimates 2015-16 to 2025-26,0.8094
Netrokona,Netrokona,2017-18,2017,1211.0,977.0,148.0,1063.0,,BBS district estimates 2015-16 to 2025-26,0.8068
Netrokona,Netrokona,2018-19,2018,1525.0,1657.0,367.0,1158.0,,BBS district estimates 2015-16 to 2025-26,1.0866
Netrokona,Netrokona,2019-20,2019,1404.0,1322.0,356.0,1048.0,,BBS district estimates 2015-16 to 2025-26,0.9416
Netrokona,Netrokona,2020-21,2020,3609.0,3470.0,75.0,3534.0,,BBS district estimates 2015-16 to 2025-26,0.9615
Netrokona,Netrokona,2021-22,2021,1615.0,1599.0,131.0,1484.0,,BBS district estimates 2015-16 to 2025-26,0.9901
Netrokona,Netrokona,2022-23,2022,696.0,732.0,26.0,670.0,,BBS district estimates 2015-16 to 2025-26,1.0517
Netrokona,Netrokona,2023-24,2023,1197.0,1399.0,9.0,1144.0,44.0,BBS district estimates 2015-16 to 2025-26,1.1688
Netrokona,Netrokona,2024-25,2024,1802.0,2038.0,0.0,1789.0,13.0,BBS district estimates 2015-16 to 2025-26,1.131
Netrokona,Netrokona,2025-26,2025,1785.0,1796.0,0.0,1782.0,3.0,BBS district estimates 2015-16 to 2025-26,1.0062
Nilphamari,Nilphamari,2006-07,2006,0.0,0.0,0,0,,BBS 45-year statistics,
Nilphamari,Nilphamari,2007-08,2007,0.0,0.0,0,0,,BBS 45-year statistics,
Nilphamari,Nilphamari,2008-09,2008,0.0,0.0,0,0,,BBS 45-year statistics,
Nilphamari,Nilphamari,2009-10,2009,0.0,0.0,0,0,,BBS 45-year statistics,
Nilphamari,Nilphamari,2010-11,2010,0.0,0.0,0,0,,BBS 45-year statistics,
Nilphamari,Nilphamari,2011-12,2011,0.0,0.0,0,0,,BBS 45-year statistics,
Nilphamari,Nilphamari,2012-13,2012,0.0,0.0,0,0,,BBS 45-year statistics,
Nilphamari,Nilphamari,2013-14,2013,0.0,0.0,0,0,,BBS 45-year statistics,
Nilphamari,Nilphamari,2014-15,2014,0.0,0.0,0,0,,BBS 45-year statistics,
Nilphamari,Nilphamari,2015-16,2015,922.0,551.0,0.0,922.0,,BBS district estimates 2015-16 to 2025-26,0.5976
Nilphamari,Nilphamari,2016-17,2016,288.0,183.0,0.0,288.0,,BBS district estimates 2015-16 to 2025-26,0.6354
Nilphamari,Nilphamari,2017-18,2017,1003.0,1154.0,0.0,1003.0,,BBS district estimates 2015-16 to 2025-26,1.1505
Nilphamari,Nilphamari,2018-19,2018,1010.0,1116.0,0.0,1010.0,,BBS district estimates 2015-16 to 2025-26,1.105
Nilphamari,Nilphamari,2019-20,2019,2941.0,2768.0,0.0,2941.0,,BBS district estimates 2015-16 to 2025-26,0.9412
Nilphamari,Nilphamari,2020-21,2020,4312.0,3565.0,0.0,4312.0,,BBS district estimates 2015-16 to 2025-26,0.8268
Nilphamari,Nilphamari,2021-22,2021,4182.0,4402.0,0.0,4182.0,,BBS district estimates 2015-16 to 2025-26,1.0526
Nilphamari,Nilphamari,2022-23,2022,3916.0,4561.0,0.0,3916.0,,BBS district estimates 2015-16 to 2025-26,1.1647
Nilphamari,Nilphamari,2023-24,2023,4507.0,5787.0,0.0,3482.0,1025.0,BBS district estimates 2015-16 to 2025-26,1.284
Nilphamari,Nilphamari,2024-25,2024,2322.0,3166.0,0.0,1161.0,1161.0,BBS district estimates 2015-16 to 2025-26,1.3635
Nilphamari,Nilphamari,2025-26,2025,4589.0,5530.0,0.0,3313.0,1276.0,BBS district estimates 2015-16 to 2025-26,1.2051
Noakhali,Noakhali,2006-07,2006,82155.0,56648.0,59335,22820,,BBS 45-year statistics,0.6895
Noakhali,Noakhali,2007-08,2007,98060.0,47722.0,71060,27000,,BBS 45-year statistics,0.4867
Noakhali,Noakhali,2008-09,2008,100010.0,50873.0,71610,28400,,BBS 45-year statistics,0.5087
Noakhali,Noakhali,2009-10,2009,110616.0,67155.0,80965,29651,,BBS 45-year statistics,0.6071
Noakhali,Noakhali,2010-11,2010,146057.0,91366.0,79595,66462,,BBS 45-year statistics,0.6256
Noakhali,Noakhali,2011-12,2011,145880.0,96321.0,79818,66062,,BBS 45-year statistics,0.6603
Noakhali,Noakhali,2012-13,2012,141596.0,94064.0,77094,64502,,BBS 45-year statistics,0.6643
Noakhali,Noakhali,2013-14,2013,142964.0,93622.0,77541,65423,,BBS 45-year statistics,0.6549
Noakhali,Noakhali,2014-15,2014,132752.0,93409.0,68007,64745,,BBS 45-year statistics,0.7036
Noakhali,Noakhali,2015-16,2015,113854.0,82632.0,62289.0,51565.0,,BBS district estimates 2015-16 to 2025-26,0.7258
Noakhali,Noakhali,2016-17,2016,104545.0,72881.0,56112.0,48433.0,,BBS district estimates 2015-16 to 2025-26,0.6971
Noakhali,Noakhali,2017-18,2017,92224.0,90132.0,14456.0,77768.0,,BBS district estimates 2015-16 to 2025-26,0.9773
Noakhali,Noakhali,2018-19,2018,95096.0,88331.0,18408.0,76688.0,,BBS district estimates 2015-16 to 2025-26,0.9289
Noakhali,Noakhali,2019-20,2019,88433.0,80022.0,11297.0,77136.0,,BBS district estimates 2015-16 to 2025-26,0.9049
Noakhali,Noakhali,2020-21,2020,99075.0,86027.0,8724.0,90352.0,,BBS district estimates 2015-16 to 2025-26,0.8683
Noakhali,Noakhali,2021-22,2021,89169.0,90574.0,8622.0,80547.0,,BBS district estimates 2015-16 to 2025-26,1.0158
Noakhali,Noakhali,2022-23,2022,89402.0,92642.0,8375.0,81027.0,,BBS district estimates 2015-16 to 2025-26,1.0362
Noakhali,Noakhali,2023-24,2023,85354.0,85988.0,11245.0,74109.0,0.0,BBS district estimates 2015-16 to 2025-26,1.0074
Noakhali,Noakhali,2024-25,2024,74369.0,75112.0,9226.0,65143.0,0.0,BBS district estimates 2015-16 to 2025-26,1.01
Noakhali,Noakhali,2025-26,2025,73256.0,73469.0,8318.0,64938.0,0.0,BBS district estimates 2015-16 to 2025-26,1.0029
Pabna,Pabna,2006-07,2006,50180.0,17732.0,43340,6840,,BBS 45-year statistics,0.3534
Pabna,Pabna,2007-08,2007,45795.0,16038.0,38235,7560,,BBS 45-year statistics,0.3502
Pabna,Pabna,2008-09,2008,54065.0,24011.0,43850,10215,,BBS 45-year statistics,0.4441
Pabna,Pabna,2009-10,2009,49000.0,18061.0,35324,13676,,BBS 45-year statistics,0.3686
Pabna,Pabna,2010-11,2010,54112.0,22009.0,34440,19672,,BBS 45-year statistics,0.4067
Pabna,Pabna,2011-12,2011,55507.0,33050.0,33944,21563,,BBS 45-year statistics,0.5954
Pabna,Pabna,2012-13,2012,125252.0,130208.0,0,125252,,BBS 45-year statistics,1.0396
Pabna,Pabna,2013-14,2013,124382.0,142396.0,0,124382,,BBS 45-year statistics,1.1448
Pabna,Pabna,2014-15,2014,50573.0,33782.0,25305,25268,,BBS 45-year statistics,0.668
Pabna,Pabna,2015-16,2015,35083.0,25904.0,17268.0,17815.0,,BBS district estimates 2015-16 to 2025-26,0.7384
Pabna,Pabna,2016-17,2016,35011.0,25867.0,17526.0,17485.0,,BBS district estimates 2015-16 to 2025-26,0.7388
Pabna,Pabna,2017-18,2017,41944.0,37653.0,19724.0,22220.0,,BBS district estimates 2015-16 to 2025-26,0.8977
Pabna,Pabna,2018-19,2018,38584.0,33819.0,17572.0,21012.0,,BBS district estimates 2015-16 to 2025-26,0.8765
Pabna,Pabna,2019-20,2019,46487.0,37135.0,17056.0,29431.0,,BBS district estimates 2015-16 to 2025-26,0.7988
Pabna,Pabna,2020-21,2020,59351.0,50334.0,16797.0,42554.0,,BBS district estimates 2015-16 to 2025-26,0.8481
Pabna,Pabna,2021-22,2021,54458.0,44603.0,15212.0,39246.0,,BBS district estimates 2015-16 to 2025-26,0.819
Pabna,Pabna,2022-23,2022,50582.0,45611.0,13568.0,37014.0,,BBS district estimates 2015-16 to 2025-26,0.9017
Pabna,Pabna,2023-24,2023,55598.0,57452.0,5807.0,49791.0,0.0,BBS district estimates 2015-16 to 2025-26,1.0333
Pabna,Pabna,2024-25,2024,54998.0,56177.0,5866.0,48984.0,148.0,BBS district estimates 2015-16 to 2025-26,1.0214
Pabna,Pabna,2025-26,2025,52626.0,54102.0,5702.0,46804.0,120.0,BBS district estimates 2015-16 to 2025-26,1.028
Panchagarh,Panchagar,2006-07,2006,0.0,0.0,0,0,,BBS 45-year statistics,
Panchagarh,Panchagar,2007-08,2007,0.0,0.0,0,0,,BBS 45-year statistics,
Panchagarh,Panchagar,2008-09,2008,0.0,0.0,0,0,,BBS 45-year statistics,
Panchagarh,Panchagar,2009-10,2009,0.0,0.0,0,0,,BBS 45-year statistics,
Panchagarh,Panchagar,2010-11,2010,0.0,0.0,0,0,,BBS 45-year statistics,
Panchagarh,Panchagar,2011-12,2011,11.0,5.0,0,11,,BBS 45-year statistics,0.4545
Panchagarh,Panchagar,2012-13,2012,93465.0,95161.0,1052,92413,,BBS 45-year statistics,1.0181
Panchagarh,Panchagar,2013-14,2013,92072.0,95889.0,1299,90773,,BBS 45-year statistics,1.0415
Panchagarh,Panchagar,2014-15,2014,0.0,0.0,0,0,,BBS 45-year statistics,
Panchagarh,Panchagar,2015-16,2015,470.0,413.0,272.0,198.0,,BBS district estimates 2015-16 to 2025-26,0.8787
Panchagarh,Panchagar,2016-17,2016,300.0,297.0,80.0,220.0,,BBS district estimates 2015-16 to 2025-26,0.99
Panchagarh,Panchagar,2017-18,2017,692.0,644.0,198.0,494.0,,BBS district estimates 2015-16 to 2025-26,0.9306
Panchagarh,Panchagar,2018-19,2018,932.0,1049.0,202.0,730.0,,BBS district estimates 2015-16 to 2025-26,1.1255
Panchagarh,Panchagar,2019-20,2019,4930.0,5236.0,54.0,4876.0,,BBS district estimates 2015-16 to 2025-26,1.0621
Panchagarh,Panchagar,2020-21,2020,6020.0,6185.0,123.0,5897.0,,BBS district estimates 2015-16 to 2025-26,1.0274
Panchagarh,Panchagar,2021-22,2021,6580.0,6890.0,123.0,6457.0,,BBS district estimates 2015-16 to 2025-26,1.0471
Panchagarh,Panchagar,2022-23,2022,6084.0,6816.0,74.0,6010.0,,BBS district estimates 2015-16 to 2025-26,1.1203
Panchagarh,Panchagar,2023-24,2023,6772.0,8510.0,74.0,4833.0,1865.0,BBS district estimates 2015-16 to 2025-26,1.2566
Panchagarh,Panchagar,2024-25,2024,7187.0,9026.0,37.0,5180.0,1797.0,BBS district estimates 2015-16 to 2025-26,1.2559
Panchagarh,Panchagar,2025-26,2025,5657.0,5356.0,0.0,4057.0,1600.0,BBS district estimates 2015-16 to 2025-26,0.9468
Patuakhali,Patuakhali,2006-07,2006,149595.0,83625.0,127705,21890,,BBS 45-year statistics,0.559
Patuakhali,Patuakhali,2007-08,2007,159430.0,85233.0,110000,49430,,BBS 45-year statistics,0.5346
Patuakhali,Patuakhali,2008-09,2008,165350.0,105189.0,105140,60210,,BBS 45-year statistics,0.6362
Patuakhali,Patuakhali,2009-10,2009,150498.0,94870.0,94080,56418,,BBS 45-year statistics,0.6304
Patuakhali,Patuakhali,2010-11,2010,164908.0,116945.0,87108,77800,,BBS 45-year statistics,0.7092
Patuakhali,Patuakhali,2011-12,2011,165639.0,132169.0,84019,81620,,BBS 45-year statistics,0.7979
Patuakhali,Patuakhali,2012-13,2012,36180.0,34671.0,233,35947,,BBS 45-year statistics,0.9583
Patuakhali,Patuakhali,2013-14,2013,53095.0,57826.0,123,52972,,BBS 45-year statistics,1.0891
Patuakhali,Patuakhali,2014-15,2014,144419.0,115113.0,52109,92310,,BBS 45-year statistics,0.7971
Patuakhali,Patuakhali,2015-16,2015,106453.0,88749.0,41214.0,65239.0,,BBS district estimates 2015-16 to 2025-26,0.8337
Patuakhali,Patuakhali,2016-17,2016,79520.0,66213.0,33026.0,46494.0,,BBS district estimates 2015-16 to 2025-26,0.8327
Patuakhali,Patuakhali,2017-18,2017,70992.0,66094.0,12180.0,58812.0,,BBS district estimates 2015-16 to 2025-26,0.931
Patuakhali,Patuakhali,2018-19,2018,75057.0,67620.0,17984.0,57073.0,,BBS district estimates 2015-16 to 2025-26,0.9009
Patuakhali,Patuakhali,2019-20,2019,63604.0,51492.0,24714.0,38890.0,,BBS district estimates 2015-16 to 2025-26,0.8096
Patuakhali,Patuakhali,2020-21,2020,83287.0,84711.0,21772.0,61515.0,,BBS district estimates 2015-16 to 2025-26,1.0171
Patuakhali,Patuakhali,2021-22,2021,73516.0,73795.0,21780.0,51736.0,,BBS district estimates 2015-16 to 2025-26,1.0038
Patuakhali,Patuakhali,2022-23,2022,47602.0,39859.0,11266.0,36336.0,,BBS district estimates 2015-16 to 2025-26,0.8373
Patuakhali,Patuakhali,2023-24,2023,48632.0,44758.0,9671.0,38746.0,15.0,BBS district estimates 2015-16 to 2025-26,0.9203
Patuakhali,Patuakhali,2024-25,2024,46058.0,50175.0,8410.0,37648.0,0.0,BBS district estimates 2015-16 to 2025-26,1.0894
Patuakhali,Patuakhali,2025-26,2025,31048.0,33335.0,798.0,30250.0,0.0,BBS district estimates 2015-16 to 2025-26,1.0737
Pirojpur,Perojpur,2006-07,2006,50180.0,29723.0,28710,21470,,BBS 45-year statistics,0.5923
Pirojpur,Perojpur,2007-08,2007,45310.0,26584.0,19430,25880,,BBS 45-year statistics,0.5867
Pirojpur,Perojpur,2008-09,2008,54025.0,36111.0,18510,35515,,BBS 45-year statistics,0.6684
Pirojpur,Perojpur,2009-10,2009,58077.0,40949.0,15964,42113,,BBS 45-year statistics,0.7051
Pirojpur,Perojpur,2010-11,2010,69446.0,54770.0,16847,52599,,BBS 45-year statistics,0.7887
Pirojpur,Perojpur,2011-12,2011,76704.0,61796.0,14618,62086,,BBS 45-year statistics,0.8056
Pirojpur,Perojpur,2012-13,2012,67379.0,53089.0,13486,53893,,BBS 45-year statistics,0.7879
Pirojpur,Perojpur,2013-14,2013,67451.0,50344.0,12331,55120,,BBS 45-year statistics,0.7464
Pirojpur,Perojpur,2014-15,2014,65031.0,54668.0,11607,53424,,BBS 45-year statistics,0.8406
Pirojpur,Perojpur,2015-16,2015,56384.0,48710.0,9094.0,47290.0,,BBS district estimates 2015-16 to 2025-26,0.8639
Pirojpur,Perojpur,2016-17,2016,45290.0,37845.0,6698.0,38592.0,,BBS district estimates 2015-16 to 2025-26,0.8356
Pirojpur,Pirojpur,2017-18,2017,36634.0,33248.0,8093.0,28541.0,,BBS district estimates 2015-16 to 2025-26,0.9076
Pirojpur,Pirojpur,2018-19,2018,42670.0,39368.0,11998.0,30672.0,,BBS district estimates 2015-16 to 2025-26,0.9226
Pirojpur,Pirojpur,2019-20,2019,32504.0,29466.0,9302.0,23202.0,,BBS district estimates 2015-16 to 2025-26,0.9065
Pirojpur,Pirojpur,2020-21,2020,33909.0,32164.0,6300.0,27609.0,,BBS district estimates 2015-16 to 2025-26,0.9485
Pirojpur,Pirojpur,2021-22,2021,30645.0,27266.0,6156.0,24489.0,,BBS district estimates 2015-16 to 2025-26,0.8897
Pirojpur,Pirojpur,2022-23,2022,33206.0,31864.0,5253.0,27953.0,,BBS district estimates 2015-16 to 2025-26,0.9596
Pirojpur,Pirojpur,2023-24,2023,40352.0,39023.0,4864.0,35588.0,0.0,BBS district estimates 2015-16 to 2025-26,0.9671
Pirojpur,Pirojpur,2024-25,2024,34082.0,33516.0,4755.0,29327.0,0.0,BBS district estimates 2015-16 to 2025-26,0.9834
Pirojpur,Pirojpur,2025-26,2025,29094.0,28745.0,3640.0,25454.0,0.0,BBS district estimates 2015-16 to 2025-26,0.988
Rajbari,Rajbari,2006-07,2006,30270.0,9625.0,30255,15,,BBS 45-year statistics,0.318
Rajbari,Rajbari,2007-08,2007,10870.0,4206.0,10660,210,,BBS 45-year statistics,0.3869
Rajbari,Rajbari,2008-09,2008,11165.0,6460.0,10910,255,,BBS 45-year statistics,0.5786
Rajbari,Rajbari,2009-10,2009,23581.0,8113.0,23050,531,,BBS 45-year statistics,0.344
Rajbari,Rajbari,2010-11,2010,15573.0,5592.0,15118,455,,BBS 45-year statistics,0.3591
Rajbari,Rajbari,2011-12,2011,11573.0,3617.0,11040,533,,BBS 45-year statistics,0.3125
Rajbari,Rajbari,2012-13,2012,10167.0,3982.0,9429,738,,BBS 45-year statistics,0.3917
Rajbari,Rajbari,2013-14,2013,8080.0,4096.0,7326,754,,BBS 45-year statistics,0.5069
Rajbari,Rajbari,2014-15,2014,5265.0,2465.0,4845,420,,BBS 45-year statistics,0.4682
Rajbari,Rajbari,2015-16,2015,393.0,430.0,0.0,393.0,,BBS district estimates 2015-16 to 2025-26,1.0941
Rajbari,Rajbari,2016-17,2016,2513.0,1360.0,2339.0,174.0,,BBS district estimates 2015-16 to 2025-26,0.5412
Rajbari,Rajbari,2017-18,2017,3237.0,1652.0,2874.0,363.0,,BBS district estimates 2015-16 to 2025-26,0.5103
Rajbari,Rajbari,2018-19,2018,3096.0,1633.0,2728.0,368.0,,BBS district estimates 2015-16 to 2025-26,0.5275
Rajbari,Rajbari,2019-20,2019,4493.0,3221.0,2792.0,1701.0,,BBS district estimates 2015-16 to 2025-26,0.7169
Rajbari,Rajbari,2020-21,2020,6411.0,4485.0,2268.0,4143.0,,BBS district estimates 2015-16 to 2025-26,0.6996
Rajbari,Rajbari,2021-22,2021,6126.0,4156.0,2196.0,3930.0,,BBS district estimates 2015-16 to 2025-26,0.6784
Rajbari,Rajbari,2022-23,2022,6862.0,5703.0,2659.0,4203.0,,BBS district estimates 2015-16 to 2025-26,0.8311
Rajbari,Rajbari,2023-24,2023,6519.0,5520.0,2495.0,4024.0,0.0,BBS district estimates 2015-16 to 2025-26,0.8468
Rajbari,Rajbari,2024-25,2024,7626.0,6556.0,2448.0,5178.0,0.0,BBS district estimates 2015-16 to 2025-26,0.8597
Rajbari,Rajbari,2025-26,2025,7617.0,6158.0,2414.0,5203.0,0.0,BBS district estimates 2015-16 to 2025-26,0.8085
Rajshahi,Rajshahi,2006-07,2006,76925.0,67169.0,12105,64820,,BBS 45-year statistics,0.8732
Rajshahi,Rajshahi,2007-08,2007,105520.0,84331.0,11790,93730,,BBS 45-year statistics,0.7992
Rajshahi,Rajshahi,2008-09,2008,123455.0,115356.0,8295,115160,,BBS 45-year statistics,0.9344
Rajshahi,Rajshahi,2009-10,2009,76695.0,63960.0,7498,69197,,BBS 45-year statistics,0.834
Rajshahi,Rajshahi,2010-11,2010,97528.0,85089.0,1761,95767,,BBS 45-year statistics,0.8725
Rajshahi,Rajshahi,2011-12,2011,107702.0,106330.0,1736,105966,,BBS 45-year statistics,0.9873
Rajshahi,Rajshahi,2012-13,2012,117019.0,102336.0,23770,93249,,BBS 45-year statistics,0.8745
Rajshahi,Rajshahi,2013-14,2013,117246.0,103380.0,19965,97281,,BBS 45-year statistics,0.8817
Rajshahi,Rajshahi,2014-15,2014,96094.0,111467.0,1935,94159,,BBS 45-year statistics,1.16
Rajshahi,Rajshahi,2015-16,2015,98483.0,112737.0,1422.0,97061.0,,BBS district estimates 2015-16 to 2025-26,1.1447
Rajshahi,Rajshahi,2016-17,2016,95938.0,103737.0,1525.0,94413.0,,BBS district estimates 2015-16 to 2025-26,1.0813
Rajshahi,Rajshahi,2017-18,2017,116312.0,134527.0,1334.0,114978.0,,BBS district estimates 2015-16 to 2025-26,1.1566
Rajshahi,Rajshahi,2018-19,2018,115102.0,131950.0,2860.0,112242.0,,BBS district estimates 2015-16 to 2025-26,1.1464
Rajshahi,Rajshahi,2019-20,2019,116870.0,134357.0,1249.0,115621.0,,BBS district estimates 2015-16 to 2025-26,1.1496
Rajshahi,Rajshahi,2020-21,2020,108931.0,125445.0,171.0,108760.0,,BBS district estimates 2015-16 to 2025-26,1.1516
Rajshahi,Rajshahi,2021-22,2021,112145.0,133706.0,857.0,111288.0,,BBS district estimates 2015-16 to 2025-26,1.1923
Rajshahi,Rajshahi,2022-23,2022,112671.0,148600.0,330.0,112341.0,,BBS district estimates 2015-16 to 2025-26,1.3189
Rajshahi,Rajshahi,2023-24,2023,110198.0,150171.0,345.0,102758.0,7095.0,BBS district estimates 2015-16 to 2025-26,1.3627
Rajshahi,Rajshahi,2024-25,2024,112360.0,151442.0,279.0,106271.0,5810.0,BBS district estimates 2015-16 to 2025-26,1.3478
Rajshahi,Rajshahi,2025-26,2025,113636.0,148530.0,249.0,107642.0,5745.0,BBS district estimates 2015-16 to 2025-26,1.3071
Rangamati,Rangamati,2006-07,2006,12790.0,7989.0,8815,3975,,BBS 45-year statistics,0.6246
Rangamati,Rangamati,2007-08,2007,15435.0,8723.0,11760,3675,,BBS 45-year statistics,0.5651
Rangamati,Rangamati,2008-09,2008,16345.0,9965.0,12845,3500,,BBS 45-year statistics,0.6097
Rangamati,Rangamati,2009-10,2009,15118.0,9203.0,11652,3466,,BBS 45-year statistics,0.6087
Rangamati,Rangamati,2010-11,2010,14254.0,9280.0,11148,3106,,BBS 45-year statistics,0.651
Rangamati,Rangamati,2011-12,2011,15515.0,9890.0,11856,3659,,BBS 45-year statistics,0.6374
Rangamati,Rangamati,2012-13,2012,16131.0,9899.0,13094,3037,,BBS 45-year statistics,0.6137
Rangamati,Rangamati,2013-14,2013,14036.0,9968.0,11283,2753,,BBS 45-year statistics,0.7102
Rangamati,Rangamati,2014-15,2014,17241.0,11414.0,15322,1919,,BBS 45-year statistics,0.662
Rangamati,Rangamati,2015-16,2015,16494.0,10059.0,14699.0,1795.0,,BBS district estimates 2015-16 to 2025-26,0.6099
Rangamati,Rangamati,2016-17,2016,17110.0,10401.0,14700.0,2410.0,,BBS district estimates 2015-16 to 2025-26,0.6079
Rangamati,Rangamati,2017-18,2017,15864.0,8660.0,14703.0,1161.0,,BBS district estimates 2015-16 to 2025-26,0.5459
Rangamati,Rangamati,2018-19,2018,15814.0,9781.0,14200.0,1614.0,,BBS district estimates 2015-16 to 2025-26,0.6185
Rangamati,Rangamati,2019-20,2019,14365.0,8356.0,13007.0,1358.0,,BBS district estimates 2015-16 to 2025-26,0.5817
Rangamati,Rangamati,2020-21,2020,14523.0,9091.0,12358.0,2165.0,,BBS district estimates 2015-16 to 2025-26,0.626
Rangamati,Rangamati,2021-22,2021,13561.0,7996.0,12092.0,1469.0,,BBS district estimates 2015-16 to 2025-26,0.5896
Rangamati,Rangamati,2022-23,2022,13630.0,9277.0,11887.0,1743.0,,BBS district estimates 2015-16 to 2025-26,0.6806
Rangamati,Rangamati,2023-24,2023,12859.0,9016.0,11153.0,1706.0,0.0,BBS district estimates 2015-16 to 2025-26,0.7011
Rangamati,Rangamati,2024-25,2024,12067.0,8370.0,10386.0,1681.0,0.0,BBS district estimates 2015-16 to 2025-26,0.6936
Rangamati,Rangamati,2025-26,2025,12017.0,8163.0,10250.0,1767.0,0.0,BBS district estimates 2015-16 to 2025-26,0.6793
Rangpur,Rangpur,2006-07,2006,0.0,0.0,0,0,,BBS 45-year statistics,
Rangpur,Rangpur,2007-08,2007,0.0,0.0,0,0,,BBS 45-year statistics,
Rangpur,Rangpur,2008-09,2008,0.0,0.0,0,0,,BBS 45-year statistics,
Rangpur,Rangpur,2009-10,2009,0.0,0.0,0,0,,BBS 45-year statistics,
Rangpur,Rangpur,2010-11,2010,0.0,0.0,0,0,,BBS 45-year statistics,
Rangpur,Rangpur,2011-12,2011,1250.0,1004.0,0,1250,,BBS 45-year statistics,0.8032
Rangpur,Rangpur,2012-13,2012,1200.0,1068.0,0,1200,,BBS 45-year statistics,0.89
Rangpur,Rangpur,2013-14,2013,0.0,0.0,0,0,,BBS 45-year statistics,
Rangpur,Rangpur,2014-15,2014,3275.0,3438.0,0,3275,,BBS 45-year statistics,1.0498
Rangpur,Rangpur,2015-16,2015,33187.0,37411.0,0.0,33187.0,,BBS district estimates 2015-16 to 2025-26,1.1273
Rangpur,Rangpur,2016-17,2016,33841.0,35938.0,0.0,33841.0,,BBS district estimates 2015-16 to 2025-26,1.062
Rangpur,Rangpur,2017-18,2017,39723.0,48194.0,0.0,39723.0,,BBS district estimates 2015-16 to 2025-26,1.2133
Rangpur,Rangpur,2018-19,2018,40313.0,47115.0,0.0,40313.0,,BBS district estimates 2015-16 to 2025-26,1.1687
Rangpur,Rangpur,2019-20,2019,46442.0,50325.0,0.0,46442.0,,BBS district estimates 2015-16 to 2025-26,1.0836
Rangpur,Rangpur,2020-21,2020,63967.0,71011.0,0.0,63967.0,,BBS district estimates 2015-16 to 2025-26,1.1101
Rangpur,Rangpur,2021-22,2021,61065.0,68177.0,0.0,61065.0,,BBS district estimates 2015-16 to 2025-26,1.1165
Rangpur,Rangpur,2022-23,2022,57276.0,68030.0,0.0,57276.0,,BBS district estimates 2015-16 to 2025-26,1.1878
Rangpur,Rangpur,2023-24,2023,62022.0,80247.0,0.0,44555.0,17467.0,BBS district estimates 2015-16 to 2025-26,1.2938
Rangpur,Rangpur,2024-25,2024,55286.0,72830.0,0.0,38377.0,16909.0,BBS district estimates 2015-16 to 2025-26,1.3173
Rangpur,Rangpur,2025-26,2025,51763.0,64375.0,0.0,34643.0,17120.0,BBS district estimates 2015-16 to 2025-26,1.2436
Satkhira,Satkhira,2006-07,2006,3720.0,3606.0,0,3720,,BBS 45-year statistics,0.9694
Satkhira,Satkhira,2007-08,2007,3175.0,2955.0,0,3175,,BBS 45-year statistics,0.9307
Satkhira,Satkhira,2008-09,2008,6080.0,4559.0,90,5990,,BBS 45-year statistics,0.7498
Satkhira,Satkhira,2009-10,2009,8467.0,7425.0,12,8455,,BBS 45-year statistics,0.8769
Satkhira,Satkhira,2010-11,2010,21273.0,20849.0,24,21249,,BBS 45-year statistics,0.9801
Satkhira,Satkhira,2011-12,2011,22237.0,23451.0,0,22237,,BBS 45-year statistics,1.0546
Satkhira,Satkhira,2012-13,2012,11817.0,6733.0,7767,4050,,BBS 45-year statistics,0.5698
Satkhira,Satkhira,2013-14,2013,9763.0,5621.0,7200,2563,,BBS 45-year statistics,0.5757
Satkhira,Satkhira,2014-15,2014,20051.0,20133.0,0,20051,,BBS 45-year statistics,1.0041
Satkhira,Satkhira,2015-16,2015,20237.0,20471.0,0.0,20237.0,,BBS district estimates 2015-16 to 2025-26,1.0116
Satkhira,Satkhira,2016-17,2016,15971.0,16156.0,0.0,15971.0,,BBS district estimates 2015-16 to 2025-26,1.0116
Satkhira,Satkhira,2017-18,2017,15691.0,14522.0,0.0,15691.0,,BBS district estimates 2015-16 to 2025-26,0.9255
Satkhira,Satkhira,2018-19,2018,15318.0,16387.0,0.0,15318.0,,BBS district estimates 2015-16 to 2025-26,1.0698
Satkhira,Satkhira,2019-20,2019,16556.0,18954.0,0.0,16556.0,,BBS district estimates 2015-16 to 2025-26,1.1448
Satkhira,Satkhira,2020-21,2020,19706.0,22530.0,0.0,19706.0,,BBS district estimates 2015-16 to 2025-26,1.1433
Satkhira,Satkhira,2021-22,2021,16181.0,18766.0,0.0,16181.0,,BBS district estimates 2015-16 to 2025-26,1.1598
Satkhira,Satkhira,2022-23,2022,15588.0,18387.0,0.0,15588.0,,BBS district estimates 2015-16 to 2025-26,1.1796
Satkhira,Satkhira,2023-24,2023,15451.0,18986.0,0.0,13782.0,1669.0,BBS district estimates 2015-16 to 2025-26,1.2288
Satkhira,Satkhira,2024-25,2024,16423.0,19858.0,0.0,14875.0,1548.0,BBS district estimates 2015-16 to 2025-26,1.2092
Satkhira,Satkhira,2025-26,2025,16116.0,19407.0,0.0,14508.0,1608.0,BBS district estimates 2015-16 to 2025-26,1.2042
Shariatpur,Shariatpur,2006-07,2006,39330.0,13829.0,39330,0,,BBS 45-year statistics,0.3516
Shariatpur,Shariatpur,2007-08,2007,20590.0,7028.0,20460,130,,BBS 45-year statistics,0.3413
Shariatpur,Shariatpur,2008-09,2008,28740.0,12336.0,28440,300,,BBS 45-year statistics,0.4292
Shariatpur,Shariatpur,2009-10,2009,25330.0,7911.0,25119,211,,BBS 45-year statistics,0.3123
Shariatpur,Shariatpur,2010-11,2010,23736.0,7668.0,23551,185,,BBS 45-year statistics,0.3231
Shariatpur,Shariatpur,2011-12,2011,19812.0,6678.0,19771,41,,BBS 45-year statistics,0.3371
Shariatpur,Shariatpur,2012-13,2012,20111.0,8581.0,19988,123,,BBS 45-year statistics,0.4267
Shariatpur,Shariatpur,2013-14,2013,18518.0,10327.0,18518,0,,BBS 45-year statistics,0.5577
Shariatpur,Shariatpur,2014-15,2014,22532.0,12043.0,19052,3480,,BBS 45-year statistics,0.5345
Shariatpur,Shariatpur,2015-16,2015,21721.0,11676.0,17525.0,4196.0,,BBS district estimates 2015-16 to 2025-26,0.5375
Shariatpur,Shariatpur,2016-17,2016,19330.0,11014.0,15022.0,4308.0,,BBS district estimates 2015-16 to 2025-26,0.5698
Shariatpur,Shariatpur,2017-18,2017,22685.0,15742.0,18237.0,4448.0,,BBS district estimates 2015-16 to 2025-26,0.6939
Shariatpur,Shariatpur,2018-19,2018,21406.0,14686.0,16809.0,4597.0,,BBS district estimates 2015-16 to 2025-26,0.6861
Shariatpur,Shariatpur,2019-20,2019,29030.0,16578.0,22257.0,6773.0,,BBS district estimates 2015-16 to 2025-26,0.5711
Shariatpur,Shariatpur,2020-21,2020,30842.0,30321.0,2409.0,28433.0,,BBS district estimates 2015-16 to 2025-26,0.9831
Shariatpur,Shariatpur,2021-22,2021,23775.0,23371.0,2575.0,21200.0,,BBS district estimates 2015-16 to 2025-26,0.983
Shariatpur,Shariatpur,2022-23,2022,20855.0,20980.0,2005.0,18850.0,,BBS district estimates 2015-16 to 2025-26,1.006
Shariatpur,Shariatpur,2023-24,2023,32148.0,32029.0,6894.0,24920.0,334.0,BBS district estimates 2015-16 to 2025-26,0.9963
Shariatpur,Shariatpur,2024-25,2024,27079.0,28051.0,5991.0,20787.0,301.0,BBS district estimates 2015-16 to 2025-26,1.0359
Shariatpur,Shariatpur,2025-26,2025,25912.0,26506.0,5866.0,19816.0,230.0,BBS district estimates 2015-16 to 2025-26,1.0229
Sherpur,Sherpur,2006-07,2006,21885.0,12482.0,9415,12470,,BBS 45-year statistics,0.5703
Sherpur,Sherpur,2007-08,2007,22375.0,13744.0,2415,19960,,BBS 45-year statistics,0.6143
Sherpur,Sherpur,2008-09,2008,23860.0,15763.0,2100,21760,,BBS 45-year statistics,0.6606
Sherpur,Sherpur,2009-10,2009,8913.0,4719.0,1204,7709,,BBS 45-year statistics,0.5295
Sherpur,Sherpur,2010-11,2010,17120.0,13172.0,1042,16078,,BBS 45-year statistics,0.7694
Sherpur,Sherpur,2011-12,2011,18342.0,14273.0,713,17629,,BBS 45-year statistics,0.7782
Sherpur,Sherpur,2012-13,2012,13832.0,11733.0,344,13488,,BBS 45-year statistics,0.8483
Sherpur,Sherpur,2013-14,2013,15490.0,13630.0,1370,14120,,BBS 45-year statistics,0.8799
Sherpur,Sherpur,2014-15,2014,13338.0,10937.0,3343,9995,,BBS 45-year statistics,0.82
Sherpur,Sherpur,2015-16,2015,5951.0,4756.0,1482.0,4469.0,,BBS district estimates 2015-16 to 2025-26,0.7992
Sherpur,Sherpur,2016-17,2016,4978.0,4301.0,518.0,4460.0,,BBS district estimates 2015-16 to 2025-26,0.864
Sherpur,Sherpur,2017-18,2017,5535.0,5746.0,222.0,5313.0,,BBS district estimates 2015-16 to 2025-26,1.0381
Sherpur,Sherpur,2018-19,2018,6604.0,6831.0,238.0,6366.0,,BBS district estimates 2015-16 to 2025-26,1.0344
Sherpur,Sherpur,2019-20,2019,8291.0,7555.0,341.0,7950.0,,BBS district estimates 2015-16 to 2025-26,0.9112
Sherpur,Sherpur,2020-21,2020,12847.0,12190.0,46.0,12801.0,,BBS district estimates 2015-16 to 2025-26,0.9489
Sherpur,Sherpur,2021-22,2021,9411.0,9643.0,50.0,9361.0,,BBS district estimates 2015-16 to 2025-26,1.0247
Sherpur,Sherpur,2022-23,2022,8852.0,9366.0,25.0,8827.0,,BBS district estimates 2015-16 to 2025-26,1.0581
Sherpur,Sherpur,2023-24,2023,7153.0,8043.0,14.0,7082.0,57.0,BBS district estimates 2015-16 to 2025-26,1.1244
Sherpur,Sherpur,2024-25,2024,6011.0,6845.0,0.0,5959.0,37.0,BBS district estimates 2015-16 to 2025-26,1.1387
Sherpur,Sherpur,2025-26,2025,5149.0,4818.0,0.0,5120.0,29.0,BBS district estimates 2015-16 to 2025-26,0.9357
Sirajgonj,Sirajgonj,2006-07,2006,1570.0,855.0,1215,355,,BBS 45-year statistics,0.5446
Sirajgonj,Sirajgonj,2007-08,2007,4525.0,2932.0,1150,3375,,BBS 45-year statistics,0.648
Sirajgonj,Sirajgonj,2008-09,2008,10905.0,6247.0,1195,9710,,BBS 45-year statistics,0.5729
Sirajgonj,Sirajgonj,2009-10,2009,13039.0,7578.0,1577,11462,,BBS 45-year statistics,0.5812
Sirajgonj,Sirajgonj,2010-11,2010,11611.0,7691.0,2535,9076,,BBS 45-year statistics,0.6624
Sirajgonj,Sirajgonj,2011-12,2011,13971.0,10389.0,3693,10278,,BBS 45-year statistics,0.7436
Sirajgonj,Sirajgonj,2012-13,2012,25161.0,18747.0,4779,20382,,BBS 45-year statistics,0.7451
Sirajgonj,Sirajgonj,2013-14,2013,21109.0,17047.0,2884,18225,,BBS 45-year statistics,0.8076
Sirajgonj,Sirajgonj,2014-15,2014,16600.0,15405.0,5083,11517,,BBS 45-year statistics,0.928
Sirajgonj,Sirajgonj,2015-16,2015,13775.0,12242.0,4025.0,9750.0,,BBS district estimates 2015-16 to 2025-26,0.8887
Sirajgonj,Sirajgonj,2016-17,2016,9992.0,8820.0,2310.0,7682.0,,BBS district estimates 2015-16 to 2025-26,0.8827
Sirajgonj,Sirajgonj,2017-18,2017,11676.0,8955.0,7166.0,4510.0,,BBS district estimates 2015-16 to 2025-26,0.767
Sirajgonj,Sirajgonj,2018-19,2018,14707.0,12552.0,7087.0,7620.0,,BBS district estimates 2015-16 to 2025-26,0.8535
Sirajgonj,Sirajgonj,2019-20,2019,20788.0,20574.0,5553.0,15235.0,,BBS district estimates 2015-16 to 2025-26,0.9897
Sirajgonj,Sirajgonj,2020-21,2020,25932.0,27070.0,2768.0,23164.0,,BBS district estimates 2015-16 to 2025-26,1.0439
Sirajgonj,Sirajgonj,2021-22,2021,19009.0,16043.0,7234.0,11775.0,,BBS district estimates 2015-16 to 2025-26,0.844
Sirajgonj,Sirajgonj,2022-23,2022,15046.0,14170.0,5396.0,9650.0,,BBS district estimates 2015-16 to 2025-26,0.9418
Sirajgonj,Sirajgonj,2023-24,2023,15701.0,15487.0,6150.0,9554.0,0.0,BBS district estimates 2015-16 to 2025-26,0.9864
Sirajgonj,Sirajgonj,2024-25,2024,15320.0,15369.0,4815.0,10444.0,61.0,BBS district estimates 2015-16 to 2025-26,1.0032
Sirajgonj,Sirajgonj,2025-26,2025,14333.0,13783.0,4234.0,10038.0,61.0,BBS district estimates 2015-16 to 2025-26,0.9616
Sunamganj,Sunamgonj,2006-07,2006,9250.0,5655.0,2560,6690,,BBS 45-year statistics,0.6114
Sunamganj,Sunamgonj,2007-08,2007,7695.0,3825.0,3075,4620,,BBS 45-year statistics,0.4971
Sunamganj,Sunamgonj,2008-09,2008,7925.0,4646.0,3045,4880,,BBS 45-year statistics,0.5862
Sunamganj,Sunamgonj,2009-10,2009,6719.0,4100.0,2110,4609,,BBS 45-year statistics,0.6102
Sunamganj,Sunamgonj,2010-11,2010,8181.0,4484.0,2491,5690,,BBS 45-year statistics,0.5481
Sunamganj,Sunamgonj,2011-12,2011,6221.0,3973.0,346,5875,,BBS 45-year statistics,0.6386
Sunamganj,Sunamgonj,2012-13,2012,4942.0,3228.0,540,4402,,BBS 45-year statistics,0.6532
Sunamganj,Sunamgonj,2013-14,2013,7623.0,7915.0,1530,6093,,BBS 45-year statistics,1.0383
Sunamganj,Sunamgonj,2014-15,2014,11180.0,11595.0,1502,9678,,BBS 45-year statistics,1.0371
Sunamganj,Sunamgonj,2015-16,2015,12399.0,12700.0,1250.0,11149.0,,BBS district estimates 2015-16 to 2025-26,1.0243
Sunamganj,Sunamgonj,2016-17,2016,14042.0,14107.0,927.0,13115.0,,BBS district estimates 2015-16 to 2025-26,1.0046
Sunamganj,Sunamgonj,2017-18,2017,30770.0,32443.0,2152.0,28618.0,,BBS district estimates 2015-16 to 2025-26,1.0544
Sunamganj,Sunamgonj,2018-19,2018,34241.0,34677.0,2016.0,32225.0,,BBS district estimates 2015-16 to 2025-26,1.0127
Sunamganj,Sunamgonj,2019-20,2019,47081.0,45169.0,1291.0,45790.0,,BBS district estimates 2015-16 to 2025-26,0.9594
Sunamganj,Sunamgonj,2020-21,2020,50522.0,55001.0,1000.0,49522.0,,BBS district estimates 2015-16 to 2025-26,1.0887
Sunamganj,Sunamgonj,2021-22,2021,47641.0,51413.0,1291.0,46350.0,,BBS district estimates 2015-16 to 2025-26,1.0792
Sunamganj,Sunamgonj,2022-23,2022,35250.0,41899.0,922.0,34328.0,,BBS district estimates 2015-16 to 2025-26,1.1886
Sunamganj,Sunamgonj,2023-24,2023,32303.0,41856.0,478.0,31825.0,0.0,BBS district estimates 2015-16 to 2025-26,1.2957
Sunamganj,Sunamgonj,2024-25,2024,17864.0,22297.0,39.0,17825.0,0.0,BBS district estimates 2015-16 to 2025-26,1.2482
Sunamganj,Sunamgonj,2025-26,2025,20063.0,21636.0,0.0,20063.0,0.0,BBS district estimates 2015-16 to 2025-26,1.0784
Sylhet,Sylhet,2006-07,2006,107250.0,81782.0,56800,50450,,BBS 45-year statistics,0.7625
Sylhet,Sylhet,2007-08,2007,93905.0,65463.0,42995,50910,,BBS 45-year statistics,0.6971
Sylhet,Sylhet,2008-09,2008,104500.0,74520.0,41870,62630,,BBS 45-year statistics,0.7131
Sylhet,Sylhet,2009-10,2009,85561.0,70719.0,20805,64756,,BBS 45-year statistics,0.8265
Sylhet,Sylhet,2010-11,2010,51682.0,40787.0,17247,34435,,BBS 45-year statistics,0.7892
Sylhet,Sylhet,2011-12,2011,85426.0,78066.0,18934,66492,,BBS 45-year statistics,0.9138
Sylhet,Sylhet,2012-13,2012,86351.0,77673.0,15443,70908,,BBS 45-year statistics,0.8995
Sylhet,Sylhet,2013-14,2013,91034.0,100550.0,16158,74876,,BBS 45-year statistics,1.1045
Sylhet,Sylhet,2014-15,2014,93589.0,98593.0,13228,80361,,BBS 45-year statistics,1.0535
Sylhet,Sylhet,2015-16,2015,116049.0,125637.0,16402.0,99647.0,,BBS district estimates 2015-16 to 2025-26,1.0826
Sylhet,Sylhet,2016-17,2016,115626.0,115909.0,11214.0,104412.0,,BBS district estimates 2015-16 to 2025-26,1.0024
Sylhet,Sylhet,2017-18,2017,150305.0,157383.0,6944.0,143361.0,,BBS district estimates 2015-16 to 2025-26,1.0471
Sylhet,Sylhet,2018-19,2018,145374.0,156469.0,8074.0,137300.0,,BBS district estimates 2015-16 to 2025-26,1.0763
Sylhet,Sylhet,2019-20,2019,187614.0,197358.0,9509.0,178105.0,,BBS district estimates 2015-16 to 2025-26,1.0519
Sylhet,Sylhet,2020-21,2020,183424.0,196721.0,7852.0,175572.0,,BBS district estimates 2015-16 to 2025-26,1.0725
Sylhet,Sylhet,2021-22,2021,163120.0,182533.0,8010.0,155110.0,,BBS district estimates 2015-16 to 2025-26,1.119
Sylhet,Sylhet,2022-23,2022,64006.0,75533.0,2093.0,61913.0,,BBS district estimates 2015-16 to 2025-26,1.1801
Sylhet,Sylhet,2023-24,2023,61851.0,78744.0,1947.0,59825.0,0.0,BBS district estimates 2015-16 to 2025-26,1.2731
Sylhet,Sylhet,2024-25,2024,7730.0,9289.0,193.0,7537.0,0.0,BBS district estimates 2015-16 to 2025-26,1.2017
Sylhet,Sylhet,2025-26,2025,58953.0,65517.0,298.0,58509.0,146.0,BBS district estimates 2015-16 to 2025-26,1.1113
Tangail,Tangail,2006-07,2006,7195.0,3120.0,5055,2140,,BBS 45-year statistics,0.4336
Tangail,Tangail,2007-08,2007,980.0,447.0,710,270,,BBS 45-year statistics,0.4561
Tangail,Tangail,2008-09,2008,2770.0,1163.0,2480,290,,BBS 45-year statistics,0.4199
Tangail,Tangail,2009-10,2009,2610.0,907.0,2414,196,,BBS 45-year statistics,0.3475
Tangail,Tangail,2010-11,2010,2434.0,865.0,2186,248,,BBS 45-year statistics,0.3554
Tangail,Tangail,2011-12,2011,2160.0,1003.0,2004,156,,BBS 45-year statistics,0.4644
Tangail,Tangail,2012-13,2012,1258.0,709.0,1020,238,,BBS 45-year statistics,0.5636
Tangail,Tangail,2013-14,2013,2905.0,2130.0,2720,185,,BBS 45-year statistics,0.7332
Tangail,Tangail,2014-15,2014,902.0,546.0,812,90,,BBS 45-year statistics,0.6053
Tangail,Tangail,2015-16,2015,2993.0,1282.0,2754.0,239.0,,BBS district estimates 2015-16 to 2025-26,0.4283
Tangail,Tangail,2016-17,2016,2680.0,1545.0,2438.0,242.0,,BBS district estimates 2015-16 to 2025-26,0.5765
Tangail,Tangail,2017-18,2017,2068.0,1364.0,1678.0,390.0,,BBS district estimates 2015-16 to 2025-26,0.6596
Tangail,Tangail,2018-19,2018,2210.0,1519.0,1690.0,520.0,,BBS district estimates 2015-16 to 2025-26,0.6873
Tangail,Tangail,2019-20,2019,1860.0,1828.0,254.0,1606.0,,BBS district estimates 2015-16 to 2025-26,0.9828
Tangail,Tangail,2020-21,2020,2964.0,2569.0,403.0,2561.0,,BBS district estimates 2015-16 to 2025-26,0.8667
Tangail,Tangail,2021-22,2021,4280.0,3147.0,1688.0,2592.0,,BBS district estimates 2015-16 to 2025-26,0.7353
Tangail,Tangail,2022-23,2022,5258.0,4441.0,1705.0,3553.0,,BBS district estimates 2015-16 to 2025-26,0.8446
Tangail,Tangail,2023-24,2023,6758.0,6311.0,1573.0,5185.0,0.0,BBS district estimates 2015-16 to 2025-26,0.9339
Tangail,Tangail,2024-25,2024,6822.0,6755.0,1370.0,5452.0,0.0,BBS district estimates 2015-16 to 2025-26,0.9902
Tangail,Tangail,2025-26,2025,6753.0,5554.0,1397.0,5356.0,0.0,BBS district estimates 2015-16 to 2025-26,0.8224
Thakurgaon,Thakurgaon,2006-07,2006,0.0,0.0,0,0,,BBS 45-year statistics,
Thakurgaon,Thakurgaon,2007-08,2007,0.0,0.0,0,0,,BBS 45-year statistics,
Thakurgaon,Thakurgaon,2008-09,2008,0.0,0.0,0,0,,BBS 45-year statistics,
Thakurgaon,Thakurgaon,2009-10,2009,0.0,0.0,0,0,,BBS 45-year statistics,
Thakurgaon,Thakurgaon,2010-11,2010,205.0,227.0,0,205,,BBS 45-year statistics,1.1073
Thakurgaon,Thakurgaon,2011-12,2011,4606.0,3968.0,0,4606,,BBS 45-year statistics,0.8615
Thakurgaon,Thakurgaon,2012-13,2012,13975.0,10078.0,2697,11278,,BBS 45-year statistics,0.7211
Thakurgaon,Thakurgaon,2013-14,2013,15380.0,14875.0,3240,12140,,BBS 45-year statistics,0.9672
Thakurgaon,Thakurgaon,2014-15,2014,7558.0,6884.0,0,7558,,BBS 45-year statistics,0.9108
Thakurgaon,Thakurgaon,2015-16,2015,24963.0,25466.0,0.0,24963.0,,BBS district estimates 2015-16 to 2025-26,1.0201
Thakurgaon,Thakurgaon,2016-17,2016,23488.0,24014.0,0.0,23488.0,,BBS district estimates 2015-16 to 2025-26,1.0224
Thakurgaon,Thakurgaon,2017-18,2017,36622.0,43345.0,0.0,36622.0,,BBS district estimates 2015-16 to 2025-26,1.1836
Thakurgaon,Thakurgaon,2018-19,2018,37342.0,44214.0,0.0,37342.0,,BBS district estimates 2015-16 to 2025-26,1.184
Thakurgaon,Thakurgaon,2019-20,2019,36260.0,43488.0,0.0,36260.0,,BBS district estimates 2015-16 to 2025-26,1.1993
Thakurgaon,Thakurgaon,2020-21,2020,61148.0,65964.0,0.0,61148.0,,BBS district estimates 2015-16 to 2025-26,1.0788
Thakurgaon,Thakurgaon,2021-22,2021,54340.0,59127.0,0.0,54340.0,,BBS district estimates 2015-16 to 2025-26,1.0881
Thakurgaon,Thakurgaon,2022-23,2022,50276.0,58871.0,0.0,50276.0,,BBS district estimates 2015-16 to 2025-26,1.171
Thakurgaon,Thakurgaon,2023-24,2023,47376.0,62056.0,0.0,40000.0,7376.0,BBS district estimates 2015-16 to 2025-26,1.3099
Thakurgaon,Thakurgaon,2024-25,2024,42482.0,62056.0,0.0,31832.0,10650.0,BBS district estimates 2015-16 to 2025-26,1.4608
Thakurgaon,Thakurgaon,2025-26,2025,36140.0,50548.0,0.0,24990.0,11150.0,BBS district estimates 2015-16 to 2025-26,1.3987
